model,pair_id,gene_field,genes,chemical,requested_rescue,requested_background,mapped_rescue,mapped_background,missing_rescue,strain_background,experimental_reference,experimental_source_locator,current_class,ko_growth,rescue_growth,threshold,current_model_sha256,reference_ids,reference_kind,raw_reference_value,reference_class,source_ids,source_locator,comparability,agreement,exact_run_comparable,limitation
Yeast9,excel:2,YOL058W,YOL058W,arginine,r_1879,,r_1879,,,Sigma1278b,"Crabeel M, et al. (1988) PMID:2897249",Dataset 2; all!A2:F2,correct,3.754805422489263e-18,6.751850934011569,0.0008590751899388004,0e120b0d4015048ef2edaf86ea039c533a72827ff00a34ca35d9fbe87a2781e5,,no_benchmark_prediction_found,,,ART;SUP;UPSTREAM,Article sections 2-4; Dataset 1/2 sheets; supplements S1/S2; publication-proximate upstream tree,not_reported,unknown,False,No benchmark-specific prediction found in the inspected package.
Yeast9,excel:3,YJL071W,YJL071W,arginine,r_1879,,r_1879,,,S288C,Vandenbol M and Portetelle D (1999) PMID:10509023,Dataset 2; all!A3:F3,type_I,0.08590751899387956,9.926099348452201,0.0008590751899388004,0e120b0d4015048ef2edaf86ea039c533a72827ff00a34ca35d9fbe87a2781e5,,no_benchmark_prediction_found,,,ART;SUP;UPSTREAM,Article sections 2-4; Dataset 1/2 sheets; supplements S1/S2; publication-proximate upstream tree,not_reported,unknown,False,No benchmark-specific prediction found in the inspected package.
Yeast9,excel:4,YJL088W,YJL088W,arginine,r_1879,,r_1879,,,Other,"Cheng MY, et al. (1987) PMID:3295876",Dataset 2; all!A4:F4,correct,0.0,9.926099348452201,0.0008590751899388004,0e120b0d4015048ef2edaf86ea039c533a72827ff00a34ca35d9fbe87a2781e5,,no_benchmark_prediction_found,,,ART;SUP;UPSTREAM,Article sections 2-4; Dataset 1/2 sheets; supplements S1/S2; publication-proximate upstream tree,not_reported,unknown,False,No benchmark-specific prediction found in the inspected package.
Yeast9,excel:5,YHR018C,YHR018C,arginine,r_1879,,r_1879,,,Other,"Espinosa-Cantú A, et al. (2018) PMID:29127264",Dataset 2; all!A5:F5,correct,2.6711440273955523e-18,6.751850934011516,0.0008590751899388004,0e120b0d4015048ef2edaf86ea039c533a72827ff00a34ca35d9fbe87a2781e5,,no_benchmark_prediction_found,,,ART;SUP;UPSTREAM,Article sections 2-4; Dataset 1/2 sheets; supplements S1/S2; publication-proximate upstream tree,not_reported,unknown,False,No benchmark-specific prediction found in the inspected package.
Yeast9,excel:6,YER069W,YER069W,arginine,r_1879,,r_1879,,,Other,"Boonchird C, et al. (1991) PMID:1851947",Dataset 2; all!A6:F6,correct,0.0,9.926099348452201,0.0008590751899388004,0e120b0d4015048ef2edaf86ea039c533a72827ff00a34ca35d9fbe87a2781e5,,no_benchmark_prediction_found,,,ART;SUP;UPSTREAM,Article sections 2-4; Dataset 1/2 sheets; supplements S1/S2; publication-proximate upstream tree,not_reported,unknown,False,No benchmark-specific prediction found in the inspected package.
Yeast9,excel:7,YMR062C,YMR062C,arginine,r_1879,,r_1879,,,Sigma1278b,"Crabeel M, et al. (1997) PMID:9428669",Dataset 2; all!A7:F7,correct,2.331716039423951e-18,9.92609934845247,0.0008590751899388004,0e120b0d4015048ef2edaf86ea039c533a72827ff00a34ca35d9fbe87a2781e5,,no_benchmark_prediction_found,,,ART;SUP;UPSTREAM,Article sections 2-4; Dataset 1/2 sheets; supplements S1/S2; publication-proximate upstream tree,not_reported,unknown,False,No benchmark-specific prediction found in the inspected package.
Yeast9,excel:8,YLR027C,YLR027C,asparticacid,r_1881,,r_1881,,,S288C,"Crawford RA, et al. (2022) PMID:35621265",Dataset 2; all!A8:F8,type_I,0.08590751899387945,6.929940827603884,0.0008590751899388004,0e120b0d4015048ef2edaf86ea039c533a72827ff00a34ca35d9fbe87a2781e5,T1-01,selected_published_error_class,type I,type_I,ART,"Table 1 (tbl1), body row 1, AAT2-aspartate",comparable_qualitative,match,False,Published qualitative benchmark label; exact author run/version/numerical growth remain unavailable.
Yeast9,excel:9,YAL012W,YAL012W,cysteine,r_1883,,r_1883,,,W303,"Cherest H, et al. (1993) PMID:8366024",Dataset 2; all!A9:F9,type_I,0.08590751899387906,5.800362217438239,0.0008590751899388004,0e120b0d4015048ef2edaf86ea039c533a72827ff00a34ca35d9fbe87a2781e5,T1-04,selected_published_error_class,type I,type_I,ART,"Table 1 (tbl1), body row 4, CYS3-cysteine",comparable_qualitative,match,False,Published qualitative benchmark label; exact author run/version/numerical growth remain unavailable.
Yeast9,excel:10,YGR155W,YGR155W,cysteine,r_1883,,r_1883,,,W303,"Cherest H, et al. (1993) PMID:8366024",Dataset 2; all!A10:F10,type_I,0.08590751899387893,5.8003622174383604,0.0008590751899388004,0e120b0d4015048ef2edaf86ea039c533a72827ff00a34ca35d9fbe87a2781e5,T1-05,selected_published_error_class,type I,type_I,ART,"Table 1 (tbl1), body row 5, CYS4-cysteine",comparable_qualitative,match,False,Published qualitative benchmark label; exact author run/version/numerical growth remain unavailable.
Yeast9,excel:11,YPR035W,YPR035W,glutamine,r_1891,,r_1891,,,Sigma1278b,Mitchell AP (1985) PMID:2865193,Dataset 2; all!A11:F11,correct,2.4267456587028165e-19,10.050835713432098,0.0008590751899388004,0e120b0d4015048ef2edaf86ea039c533a72827ff00a34ca35d9fbe87a2781e5,,no_benchmark_prediction_found,,,ART;SUP;UPSTREAM,Article sections 2-4; Dataset 1/2 sheets; supplements S1/S2; publication-proximate upstream tree,not_reported,unknown,False,No benchmark-specific prediction found in the inspected package.
Yeast9,excel:12,YER055C,YER055C,histidine,r_1893,,r_1893,,,Other,Korch CT (1973) PMID:17248619,Dataset 2; all!A12:F12,correct,0.0,0.08664940715102491,0.0008590751899388004,0e120b0d4015048ef2edaf86ea039c533a72827ff00a34ca35d9fbe87a2781e5,,no_benchmark_prediction_found,,,ART;SUP;UPSTREAM,Article sections 2-4; Dataset 1/2 sheets; supplements S1/S2; publication-proximate upstream tree,not_reported,unknown,False,No benchmark-specific prediction found in the inspected package.
Yeast9,excel:13,YFR025C,YFR025C,histidine,r_1893,,r_1893,,,Other,Gorman JA and Gorman J (1971) PMID:4329443,Dataset 2; all!A13:F13,correct,-3.3593614912069575e-20,0.08664940715102606,0.0008590751899388004,0e120b0d4015048ef2edaf86ea039c533a72827ff00a34ca35d9fbe87a2781e5,,no_benchmark_prediction_found,,,ART;SUP;UPSTREAM,Article sections 2-4; Dataset 1/2 sheets; supplements S1/S2; publication-proximate upstream tree,not_reported,unknown,False,No benchmark-specific prediction found in the inspected package.
Yeast9,excel:14,YOR202W,YOR202W,histidine,r_1893,,r_1893,,,Other,Scherer S and Davis RW (1979) PMID:388424,Dataset 2; all!A14:F14,correct,0.0,0.08664940715102563,0.0008590751899388004,0e120b0d4015048ef2edaf86ea039c533a72827ff00a34ca35d9fbe87a2781e5,,no_benchmark_prediction_found,,,ART;SUP;UPSTREAM,Article sections 2-4; Dataset 1/2 sheets; supplements S1/S2; publication-proximate upstream tree,not_reported,unknown,False,No benchmark-specific prediction found in the inspected package.
Yeast9,excel:15,YCL030C,YCL030C,histidine,r_1893,,r_1893,,,S288C,"Hirschman JE, et al. (1988) PMID:2850465",Dataset 2; all!A15:F15,correct,3.4261332259757185e-18,0.08664940715102482,0.0008590751899388004,0e120b0d4015048ef2edaf86ea039c533a72827ff00a34ca35d9fbe87a2781e5,,no_benchmark_prediction_found,,,ART;SUP;UPSTREAM,Article sections 2-4; Dataset 1/2 sheets; supplements S1/S2; publication-proximate upstream tree,not_reported,unknown,False,No benchmark-specific prediction found in the inspected package.
Yeast9,excel:16,YIL116W,YIL116W,histidine,r_1893,,r_1893,,,Other,"Harashima S, et al. (1981) PMID:7044894",Dataset 2; all!A16:F16,correct,0.0,0.08664940715102584,0.0008590751899388004,0e120b0d4015048ef2edaf86ea039c533a72827ff00a34ca35d9fbe87a2781e5,,no_benchmark_prediction_found,,,ART;SUP;UPSTREAM,Article sections 2-4; Dataset 1/2 sheets; supplements S1/S2; publication-proximate upstream tree,not_reported,unknown,False,No benchmark-specific prediction found in the inspected package.
Yeast9,excel:17,YIL020C,YIL020C,histidine,r_1893,,r_1893,,,Other,"Fani R, et al. (1997) PMID:9332345",Dataset 2; all!A17:F17,correct,0.0,0.08664940715102491,0.0008590751899388004,0e120b0d4015048ef2edaf86ea039c533a72827ff00a34ca35d9fbe87a2781e5,,no_benchmark_prediction_found,,,ART;SUP;UPSTREAM,Article sections 2-4; Dataset 1/2 sheets; supplements S1/S2; publication-proximate upstream tree,not_reported,unknown,False,No benchmark-specific prediction found in the inspected package.
Yeast9,excel:18,YBR248C,YBR248C,histidine,r_1893,,r_1893,,,Other,"Kuenzler M, et al. (1993) PMID:8366040",Dataset 2; all!A18:F18,correct,1.0650835897919325e-19,0.08664940715102525,0.0008590751899388004,0e120b0d4015048ef2edaf86ea039c533a72827ff00a34ca35d9fbe87a2781e5,,no_benchmark_prediction_found,,,ART;SUP;UPSTREAM,Article sections 2-4; Dataset 1/2 sheets; supplements S1/S2; publication-proximate upstream tree,not_reported,unknown,False,No benchmark-specific prediction found in the inspected package.
Yeast9,excel:19,YER086W,YER086W,isoleucine,r_1897,,r_1897,,,Other,KAKAR SN and WAGNER RP (1964) PMID:14124940,Dataset 2; all!A19:F19,type_I,0.08590751899387851,0.15638286867881618,0.0008590751899388004,0e120b0d4015048ef2edaf86ea039c533a72827ff00a34ca35d9fbe87a2781e5,,no_benchmark_prediction_found,,,ART;SUP;UPSTREAM,Article sections 2-4; Dataset 1/2 sheets; supplements S1/S2; publication-proximate upstream tree,not_reported,unknown,False,No benchmark-specific prediction found in the inspected package.
Yeast9,excel:20,YGL009C,YGL009C,leucine,r_1899,,r_1899,,,Other,Hawthorne DC and Mortimer RK (1960) PMID:17247984,Dataset 2; all!A20:F20,correct,-2.400996407896018e-32,0.16154233474885066,0.0008590751899388004,0e120b0d4015048ef2edaf86ea039c533a72827ff00a34ca35d9fbe87a2781e5,,no_benchmark_prediction_found,,,ART;SUP;UPSTREAM,Article sections 2-4; Dataset 1/2 sheets; supplements S1/S2; publication-proximate upstream tree,not_reported,unknown,False,No benchmark-specific prediction found in the inspected package.
Yeast9,excel:21,YCL018W,YCL018W,leucine,r_1899,,r_1899,,,Other,"Toh-e A, et al. (1980) PMID:6243628",Dataset 2; all!A21:F21,correct,1.3709408740992052e-31,0.16154233474885096,0.0008590751899388004,0e120b0d4015048ef2edaf86ea039c533a72827ff00a34ca35d9fbe87a2781e5,,no_benchmark_prediction_found,,,ART;SUP;UPSTREAM,Article sections 2-4; Dataset 1/2 sheets; supplements S1/S2; publication-proximate upstream tree,not_reported,unknown,False,No benchmark-specific prediction found in the inspected package.
Yeast9,excel:22,YIR034C,YIR034C,lysine,r_1900,,r_1900,,,Other,Hawthorne DC and Mortimer RK (1960) PMID:17247984,Dataset 2; all!A22:F22,correct,6.613566283861532e-32,0.08927869080766586,0.0008590751899388004,0e120b0d4015048ef2edaf86ea039c533a72827ff00a34ca35d9fbe87a2781e5,,no_benchmark_prediction_found,,,ART;SUP;UPSTREAM,Article sections 2-4; Dataset 1/2 sheets; supplements S1/S2; publication-proximate upstream tree,not_reported,unknown,False,No benchmark-specific prediction found in the inspected package.
Yeast9,excel:23,YBR115C,YBR115C,lysine,r_1900,,r_1900,,,Other,"Simchen G, et al. (1984) PMID:6326126",Dataset 2; all!A23:F23,correct,6.613566283861532e-32,0.08927870721662493,0.0008590751899388004,0e120b0d4015048ef2edaf86ea039c533a72827ff00a34ca35d9fbe87a2781e5,,no_benchmark_prediction_found,,,ART;SUP;UPSTREAM,Article sections 2-4; Dataset 1/2 sheets; supplements S1/S2; publication-proximate upstream tree,not_reported,unknown,False,No benchmark-specific prediction found in the inspected package.
Yeast9,excel:24,YGL154C,YGL154C,lysine,r_1900,,r_1900,,,Other,Sinha AK and Bhattacharjee JK (1970) PMID:4998031,Dataset 2; all!A24:F24,correct,6.613566283861532e-32,0.08927870721662493,0.0008590751899388004,0e120b0d4015048ef2edaf86ea039c533a72827ff00a34ca35d9fbe87a2781e5,,no_benchmark_prediction_found,,,ART;SUP;UPSTREAM,Article sections 2-4; Dataset 1/2 sheets; supplements S1/S2; publication-proximate upstream tree,not_reported,unknown,False,No benchmark-specific prediction found in the inspected package.
Yeast9,excel:25,YJR104C,YJR104C,lysine,r_1900,,r_1900,,,Other,"Slekar KH, et al. (1996) PMID:8910528",Dataset 2; all!A25:F25,type_I,0.08590754899640796,0.08927869080766716,0.0008590751899388004,0e120b0d4015048ef2edaf86ea039c533a72827ff00a34ca35d9fbe87a2781e5,,no_benchmark_prediction_found,,,ART;SUP;UPSTREAM,Article sections 2-4; Dataset 1/2 sheets; supplements S1/S2; publication-proximate upstream tree,not_reported,unknown,False,No benchmark-specific prediction found in the inspected package.
Yeast9,excel:26,YKR069W,YKR069W,methionine,r_1902,,r_1902,,,Other,Masselot M and De Robichon-Szulmajster H (1975) PMID:1101032,Dataset 2; all!A26:F26,type_I,0.08590751899387881,0.08900849963161196,0.0008590751899388004,0e120b0d4015048ef2edaf86ea039c533a72827ff00a34ca35d9fbe87a2781e5,,no_benchmark_prediction_found,,,ART;SUP;UPSTREAM,Article sections 2-4; Dataset 1/2 sheets; supplements S1/S2; publication-proximate upstream tree,not_reported,unknown,False,No benchmark-specific prediction found in the inspected package.
Yeast9,excel:27,YFR030W,YFR030W,methionine,r_1902,,r_1902,,,Other,Masselot M and De Robichon-Szulmajster H (1975) PMID:1101032,Dataset 2; all!A27:F27,correct,0.0,0.08900855696906233,0.0008590751899388004,0e120b0d4015048ef2edaf86ea039c533a72827ff00a34ca35d9fbe87a2781e5,,no_benchmark_prediction_found,,,ART;SUP;UPSTREAM,Article sections 2-4; Dataset 1/2 sheets; supplements S1/S2; publication-proximate upstream tree,not_reported,unknown,False,No benchmark-specific prediction found in the inspected package.
Yeast9,excel:28,YGL125W,YGL125W,methionine,r_1902,,r_1902,,,Other,Masselot M and De Robichon-Szulmajster H (1975) PMID:1101032,Dataset 2; all!A28:F28,type_I,0.08590751899387956,0.08900849963161593,0.0008590751899388004,0e120b0d4015048ef2edaf86ea039c533a72827ff00a34ca35d9fbe87a2781e5,T1-17,selected_published_error_class,type I,type_I,ART,"Table 1 (tbl1), body row 12, MET13-methionine",comparable_qualitative,match,False,Published qualitative benchmark label; exact author run/version/numerical growth remain unavailable.
Yeast9,excel:29,YKL001C,YKL001C,methionine,r_1902,,r_1902,,,Other,Masselot M and De Robichon-Szulmajster H (1975) PMID:1101032,Dataset 2; all!A29:F29,correct,-2.170738410205879e-18,0.08900849963162234,0.0008590751899388004,0e120b0d4015048ef2edaf86ea039c533a72827ff00a34ca35d9fbe87a2781e5,,no_benchmark_prediction_found,,,ART;SUP;UPSTREAM,Article sections 2-4; Dataset 1/2 sheets; supplements S1/S2; publication-proximate upstream tree,not_reported,unknown,False,No benchmark-specific prediction found in the inspected package.
Yeast9,excel:30,YPR167C,YPR167C,methionine,r_1902,,r_1902,,,S288C,"Villa-García MJ, et al. (2011) PMID:21136082",Dataset 2; all!A30:F30,correct,0.0,0.08900849963161177,0.0008590751899388004,0e120b0d4015048ef2edaf86ea039c533a72827ff00a34ca35d9fbe87a2781e5,,no_benchmark_prediction_found,,,ART;SUP;UPSTREAM,Article sections 2-4; Dataset 1/2 sheets; supplements S1/S2; publication-proximate upstream tree,not_reported,unknown,False,No benchmark-specific prediction found in the inspected package.
Yeast9,excel:31,YLR303W,YLR303W,methionine,r_1902,,r_1902,,,Other,Singh A and Sherman F (1974) PMID:4364332,Dataset 2; all!A31:F31,type_I,0.08590751899387929,0.08841515551861803,0.0008590751899388004,0e120b0d4015048ef2edaf86ea039c533a72827ff00a34ca35d9fbe87a2781e5,T1-18,selected_published_error_class,type I,type_I,ART,"Table 1 (tbl1), body row 13, MET17-methionine",comparable_qualitative,match,False,Published qualitative benchmark label; exact author run/version/numerical growth remain unavailable.
Yeast9,excel:32,YNL277W,YNL277W,methionine,r_1902,,r_1902,,,Other,Singh A and Sherman F (1974) PMID:4364332,Dataset 2; all!A32:F32,type_II,0.0,0.0,0.0008590751899388004,0e120b0d4015048ef2edaf86ea039c533a72827ff00a34ca35d9fbe87a2781e5,T1-22,selected_published_error_class,type II,type_II,ART,"Table 1 (tbl1), body row 14, MET2-methionine",comparable_qualitative,match,False,Published qualitative benchmark label; exact author run/version/numerical growth remain unavailable.
Yeast9,excel:33,YOL064C,YOL064C,methionine,r_1902,,r_1902,,,Other,Masselot M and De Robichon-Szulmajster H (1975) PMID:1101032,Dataset 2; all!A33:F33,type_I,0.08492679737338733,0.08868177600704022,0.0008590751899388004,0e120b0d4015048ef2edaf86ea039c533a72827ff00a34ca35d9fbe87a2781e5,,no_benchmark_prediction_found,,,ART;SUP;UPSTREAM,Article sections 2-4; Dataset 1/2 sheets; supplements S1/S2; publication-proximate upstream tree,not_reported,unknown,False,No benchmark-specific prediction found in the inspected package.
Yeast9,excel:34,YJR010W,YJR010W,methionine,r_1902,,r_1902,,,Other,Masselot M and De Robichon-Szulmajster H (1975) PMID:1101032,Dataset 2; all!A34:F34,type_I,0.08590751899387956,0.08900849963161593,0.0008590751899388004,0e120b0d4015048ef2edaf86ea039c533a72827ff00a34ca35d9fbe87a2781e5,T1-16,selected_published_error_class,type I,type_I,ART,"Table 1 (tbl1), body row 11, MET3-methionine",comparable_qualitative,match,False,Published qualitative benchmark label; exact author run/version/numerical growth remain unavailable.
Yeast9,excel:35,YJR137C,YJR137C,methionine,r_1902,,r_1902,,,Other,Masselot M and De Robichon-Szulmajster H (1975) PMID:1101032,Dataset 2; all!A35:F35,correct,0.0,0.08900855696906233,0.0008590751899388004,0e120b0d4015048ef2edaf86ea039c533a72827ff00a34ca35d9fbe87a2781e5,,no_benchmark_prediction_found,,,ART;SUP;UPSTREAM,Article sections 2-4; Dataset 1/2 sheets; supplements S1/S2; publication-proximate upstream tree,not_reported,unknown,False,No benchmark-specific prediction found in the inspected package.
Yeast9,excel:36,YER091C,YER091C,methionine,r_1902,,r_1902,,,Other,Masselot M and De Robichon-Szulmajster H (1975) PMID:1101032,Dataset 2; all!A36:F36,correct,0.0,0.08900849963161325,0.0008590751899388004,0e120b0d4015048ef2edaf86ea039c533a72827ff00a34ca35d9fbe87a2781e5,,no_benchmark_prediction_found,,,ART;SUP;UPSTREAM,Article sections 2-4; Dataset 1/2 sheets; supplements S1/S2; publication-proximate upstream tree,not_reported,unknown,False,No benchmark-specific prediction found in the inspected package.
Yeast9,excel:37,YOR241W,YOR241W,methionine,r_1902,,r_1902,,,Other,Masselot M and De Robichon-Szulmajster H (1975) PMID:1101032,Dataset 2; all!A37:F37,type_I,0.08590751899387956,0.08900849963161593,0.0008590751899388004,0e120b0d4015048ef2edaf86ea039c533a72827ff00a34ca35d9fbe87a2781e5,,no_benchmark_prediction_found,,,ART;SUP;UPSTREAM,Article sections 2-4; Dataset 1/2 sheets; supplements S1/S2; publication-proximate upstream tree,not_reported,unknown,False,No benchmark-specific prediction found in the inspected package.
Yeast9,excel:38,YBR213W,YBR213W,methionine,r_1902,,r_1902,,,Other,Masselot M and De Robichon-Szulmajster H (1975) PMID:1101032,Dataset 2; all!A38:F38,type_I,0.08590751899387956,0.0890084996316125,0.0008590751899388004,0e120b0d4015048ef2edaf86ea039c533a72827ff00a34ca35d9fbe87a2781e5,,no_benchmark_prediction_found,,,ART;SUP;UPSTREAM,Article sections 2-4; Dataset 1/2 sheets; supplements S1/S2; publication-proximate upstream tree,not_reported,unknown,False,No benchmark-specific prediction found in the inspected package.
Yeast9,excel:39,YJR104C,YJR104C,methionine,r_1902,,r_1902,,,Other,"Slekar KH, et al. (1996) PMID:8910528",Dataset 2; all!A39:F39,type_I,0.08590754899640796,0.0890084996316057,0.0008590751899388004,0e120b0d4015048ef2edaf86ea039c533a72827ff00a34ca35d9fbe87a2781e5,,no_benchmark_prediction_found,,,ART;SUP;UPSTREAM,Article sections 2-4; Dataset 1/2 sheets; supplements S1/S2; publication-proximate upstream tree,not_reported,unknown,False,No benchmark-specific prediction found in the inspected package.
Yeast9,excel:40,YNL241C,YNL241C,methionine,r_1902,,r_1902,,,Other,Masselot M and De Robichon-Szulmajster H (1975) PMID:1101032,Dataset 2; all!A40:F40,type_I,0.08585186689306083,0.08900851592030491,0.0008590751899388004,0e120b0d4015048ef2edaf86ea039c533a72827ff00a34ca35d9fbe87a2781e5,,no_benchmark_prediction_found,,,ART;SUP;UPSTREAM,Article sections 2-4; Dataset 1/2 sheets; supplements S1/S2; publication-proximate upstream tree,not_reported,unknown,False,No benchmark-specific prediction found in the inspected package.
Yeast9,excel:41,YER023W,YER023W,proline,r_1904,,r_1904,,,Other,Tomenchok DM and Brandriss MC (1987) PMID:2824433,Dataset 2; all!A41:F41,correct,-4.412515997631497e-18,7.514106827001687,0.0008590751899388004,0e120b0d4015048ef2edaf86ea039c533a72827ff00a34ca35d9fbe87a2781e5,,no_benchmark_prediction_found,,,ART;SUP;UPSTREAM,Article sections 2-4; Dataset 1/2 sheets; supplements S1/S2; publication-proximate upstream tree,not_reported,unknown,False,No benchmark-specific prediction found in the inspected package.
Yeast9,excel:42,YOR184W,YOR184W,serine,r_1906,,r_1906,,,Other,Ulane R and Ogur M (1972) PMID:4333378,Dataset 2; all!A42:F42,type_I,0.08570477972492901,8.48457903797546,0.0008590751899388004,0e120b0d4015048ef2edaf86ea039c533a72827ff00a34ca35d9fbe87a2781e5,,no_benchmark_prediction_found,,,ART;SUP;UPSTREAM,Article sections 2-4; Dataset 1/2 sheets; supplements S1/S2; publication-proximate upstream tree,not_reported,unknown,False,No benchmark-specific prediction found in the inspected package.
Yeast9,excel:43,YGR208W,YGR208W,serine,r_1906,,r_1906,,,Other,Ulane R and Ogur M (1972) PMID:4333378,Dataset 2; all!A43:F43,type_I,0.08570477972492885,8.484579037975294,0.0008590751899388004,0e120b0d4015048ef2edaf86ea039c533a72827ff00a34ca35d9fbe87a2781e5,,no_benchmark_prediction_found,,,ART;SUP;UPSTREAM,Article sections 2-4; Dataset 1/2 sheets; supplements S1/S2; publication-proximate upstream tree,not_reported,unknown,False,No benchmark-specific prediction found in the inspected package.
Yeast9,excel:44,YHR025W,YHR025W,threonine,r_1911,,r_1911,,,Other,Kingsbury JM and McCusker JH (2010) PMID:20305002,Dataset 2; all!A44:F44,correct,0.0,9.907621449564813,0.0008590751899388004,0e120b0d4015048ef2edaf86ea039c533a72827ff00a34ca35d9fbe87a2781e5,,no_benchmark_prediction_found,,,ART;SUP;UPSTREAM,Article sections 2-4; Dataset 1/2 sheets; supplements S1/S2; publication-proximate upstream tree,not_reported,unknown,False,No benchmark-specific prediction found in the inspected package.
Yeast9,excel:45,YCR053W,YCR053W,threonine,r_1911,,r_1911,,,S288C,"Mortimer R, et al. (1957)",Dataset 2; all!A45:F45,correct,0.0,9.907621449565212,0.0008590751899388004,0e120b0d4015048ef2edaf86ea039c533a72827ff00a34ca35d9fbe87a2781e5,,no_benchmark_prediction_found,,,ART;SUP;UPSTREAM,Article sections 2-4; Dataset 1/2 sheets; supplements S1/S2; publication-proximate upstream tree,not_reported,unknown,False,No benchmark-specific prediction found in the inspected package.
Yeast9,excel:46,YDR007W,YDR007W,tryptophan,r_1912,,r_1912,,,X2180-1A,"Miozzari G, et al. (1978) PMID:348687",Dataset 2; all!A46:F46,correct,-8.404742352242763e-31,0.15293963709017044,0.0008590751899388004,0e120b0d4015048ef2edaf86ea039c533a72827ff00a34ca35d9fbe87a2781e5,,no_benchmark_prediction_found,,,ART;SUP;UPSTREAM,Article sections 2-4; Dataset 1/2 sheets; supplements S1/S2; publication-proximate upstream tree,not_reported,unknown,False,No benchmark-specific prediction found in the inspected package.
Yeast9,excel:47,YER090W,YER090W,tryptophan,r_1912,,r_1912,,,X2180-1A,"Miozzari G, et al. (1978) PMID:348687",Dataset 2; all!A47:F47,correct,-8.404742352242763e-31,0.1529396370901734,0.0008590751899388004,0e120b0d4015048ef2edaf86ea039c533a72827ff00a34ca35d9fbe87a2781e5,,no_benchmark_prediction_found,,,ART;SUP;UPSTREAM,Article sections 2-4; Dataset 1/2 sheets; supplements S1/S2; publication-proximate upstream tree,not_reported,unknown,False,No benchmark-specific prediction found in the inspected package.
Yeast9,excel:48,YKL211C,YKL211C,tryptophan,r_1912,,r_1912,,,X2180-1A,"Miozzari G, et al. (1978) PMID:348687",Dataset 2; all!A48:F48,correct,-8.404742352242763e-31,0.15293963709017117,0.0008590751899388004,0e120b0d4015048ef2edaf86ea039c533a72827ff00a34ca35d9fbe87a2781e5,,no_benchmark_prediction_found,,,ART;SUP;UPSTREAM,Article sections 2-4; Dataset 1/2 sheets; supplements S1/S2; publication-proximate upstream tree,not_reported,unknown,False,No benchmark-specific prediction found in the inspected package.
Yeast9,excel:49,YDR354W,YDR354W,tryptophan,r_1912,,r_1912,,,S288C,"Villa-García MJ, et al. (2011) PMID:21136082",Dataset 2; all!A49:F49,correct,-8.404742352242763e-31,0.15293963709017125,0.0008590751899388004,0e120b0d4015048ef2edaf86ea039c533a72827ff00a34ca35d9fbe87a2781e5,,no_benchmark_prediction_found,,,ART;SUP;UPSTREAM,Article sections 2-4; Dataset 1/2 sheets; supplements S1/S2; publication-proximate upstream tree,not_reported,unknown,False,No benchmark-specific prediction found in the inspected package.
Yeast9,excel:50,YGL026C,YGL026C,tryptophan,r_1912,,r_1912,,,X2180-1A,"Miozzari G, et al. (1978) PMID:348687",Dataset 2; all!A50:F50,correct,6.826097375067134e-19,0.15293963709017241,0.0008590751899388004,0e120b0d4015048ef2edaf86ea039c533a72827ff00a34ca35d9fbe87a2781e5,,no_benchmark_prediction_found,,,ART;SUP;UPSTREAM,Article sections 2-4; Dataset 1/2 sheets; supplements S1/S2; publication-proximate upstream tree,not_reported,unknown,False,No benchmark-specific prediction found in the inspected package.
Yeast9,excel:51,YDR173C,YDR173C,ornithine,r_1987,,r_1987,,,Sigma1278b,"Bechet J, et al. (1970) PMID:5434281",Dataset 2; all!A51:F51,type_I,0.08590751899387972,6.6561167998832875,0.0008590751899388004,0e120b0d4015048ef2edaf86ea039c533a72827ff00a34ca35d9fbe87a2781e5,,no_benchmark_prediction_found,,,ART;SUP;UPSTREAM,Article sections 2-4; Dataset 1/2 sheets; supplements S1/S2; publication-proximate upstream tree,not_reported,unknown,False,No benchmark-specific prediction found in the inspected package.
Yeast9,excel:52,YPL268W,YPL268W,ornithine,r_1987,,r_1987,,,Other,"Odom AR, et al. (2000) PMID:10720331",Dataset 2; all!A52:F52,type_I,0.08590751899387812,6.656116799883234,0.0008590751899388004,0e120b0d4015048ef2edaf86ea039c533a72827ff00a34ca35d9fbe87a2781e5,,no_benchmark_prediction_found,,,ART;SUP;UPSTREAM,Article sections 2-4; Dataset 1/2 sheets; supplements S1/S2; publication-proximate upstream tree,not_reported,unknown,False,No benchmark-specific prediction found in the inspected package.
Yeast9,excel:53,YOR184W,YOR184W,serine,r_1906,,r_1906,,,Other,Ulane R and Ogur M (1972) PMID:4333378,Dataset 2; all!A53:F53,type_I,0.08570477972492901,8.48457903797546,0.0008590751899388004,0e120b0d4015048ef2edaf86ea039c533a72827ff00a34ca35d9fbe87a2781e5,,no_benchmark_prediction_found,,,ART;SUP;UPSTREAM,Article sections 2-4; Dataset 1/2 sheets; supplements S1/S2; publication-proximate upstream tree,not_reported,unknown,False,No benchmark-specific prediction found in the inspected package.
Yeast9,excel:54,YGR208W,YGR208W,serine,r_1906,,r_1906,,,Other,Ulane R and Ogur M (1972) PMID:4333378,Dataset 2; all!A54:F54,type_I,0.08570477972492885,8.484579037975294,0.0008590751899388004,0e120b0d4015048ef2edaf86ea039c533a72827ff00a34ca35d9fbe87a2781e5,,no_benchmark_prediction_found,,,ART;SUP;UPSTREAM,Article sections 2-4; Dataset 1/2 sheets; supplements S1/S2; publication-proximate upstream tree,not_reported,unknown,False,No benchmark-specific prediction found in the inspected package.
Yeast9,excel:55,YDR158W,YDR158W,homoserine,r_1896,,r_1896,,,Other,"Robichon-Szulmajster H, et al. (1966) PMID:4380684",Dataset 2; all!A55:F55,correct,0.0,5.8045974243260146,0.0008590751899388004,0e120b0d4015048ef2edaf86ea039c533a72827ff00a34ca35d9fbe87a2781e5,,no_benchmark_prediction_found,,,ART;SUP;UPSTREAM,Article sections 2-4; Dataset 1/2 sheets; supplements S1/S2; publication-proximate upstream tree,not_reported,unknown,False,No benchmark-specific prediction found in the inspected package.
Yeast9,excel:56,YER052C,YER052C,homoserine,r_1896,,r_1896,,,Other,"Delgado MA, et al. (1982) PMID:6821505",Dataset 2; all!A56:F56,correct,0.0,5.804597424325896,0.0008590751899388004,0e120b0d4015048ef2edaf86ea039c533a72827ff00a34ca35d9fbe87a2781e5,,no_benchmark_prediction_found,,,ART;SUP;UPSTREAM,Article sections 2-4; Dataset 1/2 sheets; supplements S1/S2; publication-proximate upstream tree,not_reported,unknown,False,No benchmark-specific prediction found in the inspected package.
Yeast9,excel:57,YJR139C,YJR139C,homoserine,r_1896,,r_1896,,,Other,"Robichon-Szulmajster H, et al. (1966) PMID:4380684",Dataset 2; all!A57:F57,correct,0.0,5.8045974243260545,0.0008590751899388004,0e120b0d4015048ef2edaf86ea039c533a72827ff00a34ca35d9fbe87a2781e5,,no_benchmark_prediction_found,,,ART;SUP;UPSTREAM,Article sections 2-4; Dataset 1/2 sheets; supplements S1/S2; publication-proximate upstream tree,not_reported,unknown,False,No benchmark-specific prediction found in the inspected package.
Yeast9,excel:58,YOR303W,YOR303W,arginine add uracil,r_1879,r_2090,r_1879,r_2090,,Other,"Lacroute F, et al. (1965) PMID:5856369",Dataset 2; all!A58:F58,correct,1.2115242938631016e-17,9.986781792071026,0.0008590751899388004,0e120b0d4015048ef2edaf86ea039c533a72827ff00a34ca35d9fbe87a2781e5,,no_benchmark_prediction_found,,,ART;SUP;UPSTREAM,Article sections 2-4; Dataset 1/2 sheets; supplements S1/S2; publication-proximate upstream tree,not_reported,unknown,False,No benchmark-specific prediction found in the inspected package.
Yeast9,excel:59,YJR109C,YJR109C,arginine add uracil,r_1879,r_2090,r_1879,r_2090,,Other,Lim AL and Powers-Lee SG (1996) PMID:8626695,Dataset 2; all!A59:F59,correct,1.2115242938631016e-17,9.986781792071026,0.0008590751899388004,0e120b0d4015048ef2edaf86ea039c533a72827ff00a34ca35d9fbe87a2781e5,,no_benchmark_prediction_found,,,ART;SUP;UPSTREAM,Article sections 2-4; Dataset 1/2 sheets; supplements S1/S2; publication-proximate upstream tree,not_reported,unknown,False,No benchmark-specific prediction found in the inspected package.
Yeast9,excel:60,YDR127W,YDR127W,aromatic amino acid add folinic acid,r_1913+r_1903+r_1912,r_1625,r_1913+r_1903+r_1912,r_1625,,Other,"Lucchini G, et al. (1978) PMID:361708",Dataset 2; all!A60:F60,correct,-4.323012446779008e-18,7.855589025753992,0.0008590751899388004,0e120b0d4015048ef2edaf86ea039c533a72827ff00a34ca35d9fbe87a2781e5,,no_benchmark_prediction_found,,,ART;SUP;UPSTREAM,Article sections 2-4; Dataset 1/2 sheets; supplements S1/S2; publication-proximate upstream tree,not_reported,unknown,False,No benchmark-specific prediction found in the inspected package.
Yeast9,excel:61,YGL148W,YGL148W,aromatic amino acid add folinic acid,r_1913+r_1903+r_1912,r_1625,r_1913+r_1903+r_1912,r_1625,,Other,"Lucchini G, et al. (1978) PMID:361708",Dataset 2; all!A61:F61,correct,9.152528018218073e-17,7.855589025754042,0.0008590751899388004,0e120b0d4015048ef2edaf86ea039c533a72827ff00a34ca35d9fbe87a2781e5,,no_benchmark_prediction_found,,,ART;SUP;UPSTREAM,Article sections 2-4; Dataset 1/2 sheets; supplements S1/S2; publication-proximate upstream tree,not_reported,unknown,False,No benchmark-specific prediction found in the inspected package.
Yeast9,excel:62,YPR060C,YPR060C,"tyrosine, phenylalanine",r_1913+r_1903,,r_1913+r_1903,,,Other,"Tang Y, et al. (1991) PMID:1924339",Dataset 2; all!A62:F62,correct,0.0,7.80816815628762,0.0008590751899388004,0e120b0d4015048ef2edaf86ea039c533a72827ff00a34ca35d9fbe87a2781e5,,no_benchmark_prediction_found,,,ART;SUP;UPSTREAM,Article sections 2-4; Dataset 1/2 sheets; supplements S1/S2; publication-proximate upstream tree,not_reported,unknown,False,No benchmark-specific prediction found in the inspected package.
Yeast9,excel:63,YHR208W,YHR208W,"valine,leucine",r_1914+r_1899,,r_1914+r_1899,,,S288C,"Kispal G, et al. (1996) PMID:8798704",Dataset 2; all!A63:F63,correct,-1.033143767588951e-48,0.16988346206134863,0.0008590751899388004,0e120b0d4015048ef2edaf86ea039c533a72827ff00a34ca35d9fbe87a2781e5,,no_benchmark_prediction_found,,,ART;SUP;UPSTREAM,Article sections 2-4; Dataset 1/2 sheets; supplements S1/S2; publication-proximate upstream tree,not_reported,unknown,False,No benchmark-specific prediction found in the inspected package.
Yeast9,excel:64,YMR108W,YMR108W,"valine,isoleucine",r_1914+r_1897,,r_1914+r_1897,,,Other,KAKAR SN and WAGNER RP (1964) PMID:14124940,Dataset 2; all!A64:F64,correct,-1.0671735635118155e-18,0.17391409520665238,0.0008590751899388004,0e120b0d4015048ef2edaf86ea039c533a72827ff00a34ca35d9fbe87a2781e5,,no_benchmark_prediction_found,,,ART;SUP;UPSTREAM,Article sections 2-4; Dataset 1/2 sheets; supplements S1/S2; publication-proximate upstream tree,not_reported,unknown,False,No benchmark-specific prediction found in the inspected package.
Yeast9,excel:65,YJR016C,YJR016C,"valine,isoleucine",r_1914+r_1897,,r_1914+r_1897,,,Other,KAKAR SN and WAGNER RP (1964) PMID:14124940,Dataset 2; all!A65:F65,correct,2.1335162509757097e-31,0.17391409520665702,0.0008590751899388004,0e120b0d4015048ef2edaf86ea039c533a72827ff00a34ca35d9fbe87a2781e5,,no_benchmark_prediction_found,,,ART;SUP;UPSTREAM,Article sections 2-4; Dataset 1/2 sheets; supplements S1/S2; publication-proximate upstream tree,not_reported,unknown,False,No benchmark-specific prediction found in the inspected package.
Yeast9,excel:66,YLR355C,YLR355C,"valine,isoleucine",r_1914+r_1897,,r_1914+r_1897,,,Other,KAKAR SN and WAGNER RP (1964) PMID:14124940,Dataset 2; all!A66:F66,correct,-8.005662553360845e-34,0.1739140952066532,0.0008590751899388004,0e120b0d4015048ef2edaf86ea039c533a72827ff00a34ca35d9fbe87a2781e5,,no_benchmark_prediction_found,,,ART;SUP;UPSTREAM,Article sections 2-4; Dataset 1/2 sheets; supplements S1/S2; publication-proximate upstream tree,not_reported,unknown,False,No benchmark-specific prediction found in the inspected package.
Yeast9,excel:67,YGR204W,YGR204W,"histidine, adenine",r_1893+r_1639,,r_1893+r_1639,,,Other,McKenzie KQ and Jones EW (1977) PMID:328341,Dataset 2; all!A67:F67,type_II,-1.4696852999942512e-35,0.0,0.0008590751899388004,0e120b0d4015048ef2edaf86ea039c533a72827ff00a34ca35d9fbe87a2781e5,,no_benchmark_prediction_found,,,ART;SUP;UPSTREAM,Article sections 2-4; Dataset 1/2 sheets; supplements S1/S2; publication-proximate upstream tree,not_reported,unknown,False,No benchmark-specific prediction found in the inspected package.
Yeast9,excel:68,YDR158W,YDR158W,"methionine, threonine",r_1902+r_1911,,r_1902+r_1911,,,Other,"Robichon-Szulmajster H, et al. (1966) PMID:4380684",Dataset 2; all!A68:F68,type_II,0.0,0.0,0.0008590751899388004,0e120b0d4015048ef2edaf86ea039c533a72827ff00a34ca35d9fbe87a2781e5,T1-19,selected_published_error_class,type II,type_II,ART,"Table 1 (tbl1), body row 14, HOM2-methionine and threonine",comparable_qualitative,match,False,Published qualitative benchmark label; exact author run/version/numerical growth remain unavailable.
Yeast9,excel:69,YER052C,YER052C,"methionine, threonine",r_1902+r_1911,,r_1902+r_1911,,,Other,"Delgado MA, et al. (1982) PMID:6821505",Dataset 2; all!A69:F69,type_II,0.0,0.0,0.0008590751899388004,0e120b0d4015048ef2edaf86ea039c533a72827ff00a34ca35d9fbe87a2781e5,T1-20,selected_published_error_class,type II,type_II,ART,"Table 1 (tbl1), body row 14, HOM3-methionine and threonine",comparable_qualitative,match,False,Published qualitative benchmark label; exact author run/version/numerical growth remain unavailable.
Yeast9,excel:70,YJR139C,YJR139C,"methionine, threonine",r_1902+r_1911,,r_1902+r_1911,,,Other,"Robichon-Szulmajster H, et al. (1966) PMID:4380684",Dataset 2; all!A70:F70,type_II,0.0,0.0,0.0008590751899388004,0e120b0d4015048ef2edaf86ea039c533a72827ff00a34ca35d9fbe87a2781e5,T1-21,selected_published_error_class,type II,type_II,ART,"Table 1 (tbl1), body row 14, HOM6-methionine and threonine",comparable_qualitative,match,False,Published qualitative benchmark label; exact author run/version/numerical growth remain unavailable.
Yeast9,excel:71,YOR236W,YOR236W,"adenine, histidine, methionine add folinic acid",r_1639+r_1893+r_1902,r_1625,r_1639+r_1893+r_1902,r_1625,,Other,"Huang T, et al. (1992) PMID:1427091",Dataset 2; all!A71:F71,type_II,0.0,0.0,0.0008590751899388004,0e120b0d4015048ef2edaf86ea039c533a72827ff00a34ca35d9fbe87a2781e5,,no_benchmark_prediction_found,,,ART;SUP;UPSTREAM,Article sections 2-4; Dataset 1/2 sheets; supplements S1/S2; publication-proximate upstream tree,not_reported,unknown,False,No benchmark-specific prediction found in the inspected package.
Yeast9,excel:72,YPR074C and YBR117C,YBR117C+YPR074C,aromatic amino acid add folinic acid,r_1913+r_1903+r_1912,r_1625,r_1913+r_1903+r_1912,r_1625,,W303,"Sundström M, et al. (1993) PMID:8226984",Dataset 2; all!A72:F72,correct,1.0438350823068264e-18,7.8414681208561285,0.0008590751899388004,0e120b0d4015048ef2edaf86ea039c533a72827ff00a34ca35d9fbe87a2781e5,,no_benchmark_prediction_found,,,ART;SUP;UPSTREAM,Article sections 2-4; Dataset 1/2 sheets; supplements S1/S2; publication-proximate upstream tree,not_reported,unknown,False,No benchmark-specific prediction found in the inspected package.
Yeast9,excel:73,YDL131W and YDL182W,YDL131W+YDL182W,lysine,r_1900,,r_1900,,,Other,"Quezada H, et al. (2008) PMID:18524920",Dataset 2; all!A73:F73,correct,2.6225554261716213e-31,0.08927870721662493,0.0008590751899388004,0e120b0d4015048ef2edaf86ea039c533a72827ff00a34ca35d9fbe87a2781e5,,no_benchmark_prediction_found,,,ART;SUP;UPSTREAM,Article sections 2-4; Dataset 1/2 sheets; supplements S1/S2; publication-proximate upstream tree,not_reported,unknown,False,No benchmark-specific prediction found in the inspected package.
Yeast9,excel:74,YNL104C and YOR108W,YNL104C+YOR108W,leucine,r_1899,,r_1899,,,S288C,"Casalone E, et al. (2000) PMID:10790691",Dataset 2; all!A74:F74,correct,1.3709408740992052e-31,0.16154233474885044,0.0008590751899388004,0e120b0d4015048ef2edaf86ea039c533a72827ff00a34ca35d9fbe87a2781e5,,no_benchmark_prediction_found,,,ART;SUP;UPSTREAM,Article sections 2-4; Dataset 1/2 sheets; supplements S1/S2; publication-proximate upstream tree,not_reported,unknown,False,No benchmark-specific prediction found in the inspected package.
Yeast9,excel:75,YDR196C,YDR196C,pantothenate,r_1548,,r_1548,,,W303,"Dusi S, et al. (2014) PMID:24360804",Dataset 2; all!A75:F75,type_II,0.0,0.0,0.0008590751899388004,0e120b0d4015048ef2edaf86ea039c533a72827ff00a34ca35d9fbe87a2781e5,,no_benchmark_prediction_found,,,ART;SUP;UPSTREAM,Article sections 2-4; Dataset 1/2 sheets; supplements S1/S2; publication-proximate upstream tree,not_reported,unknown,False,No benchmark-specific prediction found in the inspected package.
Yeast9,excel:76,YBR176W,YBR176W,pantothenate,r_1548,,r_1548,,,S288C,"White WH, et al. (2001) PMID:11154694",Dataset 2; all!A76:F76,correct,-9.575844248413162e-29,0.08591081396679216,0.0008590751899388004,0e120b0d4015048ef2edaf86ea039c533a72827ff00a34ca35d9fbe87a2781e5,,no_benchmark_prediction_found,,,ART;SUP;UPSTREAM,Article sections 2-4; Dataset 1/2 sheets; supplements S1/S2; publication-proximate upstream tree,not_reported,unknown,False,No benchmark-specific prediction found in the inspected package.
Yeast9,excel:77,YIL145C,YIL145C,pantothenate,r_1548,,r_1548,,,Other,"Olzhausen J, et al. (2009) PMID:19266201",Dataset 2; all!A77:F77,correct,-9.575844248413162e-29,0.08591081396679216,0.0008590751899388004,0e120b0d4015048ef2edaf86ea039c533a72827ff00a34ca35d9fbe87a2781e5,,no_benchmark_prediction_found,,,ART;SUP;UPSTREAM,Article sections 2-4; Dataset 1/2 sheets; supplements S1/S2; publication-proximate upstream tree,not_reported,unknown,False,No benchmark-specific prediction found in the inspected package.
Yeast9,excel:78,YMR170C,YMR170C,pantothenic acid,r_1548,,r_1548,,,S288C,"White WH, et al. (2003) PMID:12586697",Dataset 2; all!A78:F78,type_I,0.08590751899387956,0.08591081396679216,0.0008590751899388004,0e120b0d4015048ef2edaf86ea039c533a72827ff00a34ca35d9fbe87a2781e5,T1-02,selected_published_error_class,type II,,ART,"Table 1 (tbl1), body row 2, ALD2 and ALD3-pantothenic acid",ambiguous,unknown,False,Reference cannot select a unique full record or gene-knockout meaning.
Yeast9,excel:79,YBR176W,YBR176W,pantothenic acid,r_1548,,r_1548,,,S288C,"White WH, et al. (2001) PMID:11154694",Dataset 2; all!A79:F79,correct,-9.575844248413162e-29,0.08591081396679216,0.0008590751899388004,0e120b0d4015048ef2edaf86ea039c533a72827ff00a34ca35d9fbe87a2781e5,,no_benchmark_prediction_found,,,ART;SUP;UPSTREAM,Article sections 2-4; Dataset 1/2 sheets; supplements S1/S2; publication-proximate upstream tree,not_reported,unknown,False,No benchmark-specific prediction found in the inspected package.
Yeast9,excel:80,YMR020W,YMR020W,pantothenic acid,r_1548,,r_1548,,,S288C,"White WH, et al. (2001) PMID:11154694",Dataset 2; all!A80:F80,correct,0.0,0.08591081396678843,0.0008590751899388004,0e120b0d4015048ef2edaf86ea039c533a72827ff00a34ca35d9fbe87a2781e5,,no_benchmark_prediction_found,,,ART;SUP;UPSTREAM,Article sections 2-4; Dataset 1/2 sheets; supplements S1/S2; publication-proximate upstream tree,not_reported,unknown,False,No benchmark-specific prediction found in the inspected package.
Yeast9,excel:81,YLR146C,YLR146C,pantothenic acid,r_1548,,r_1548,,,S288C,"White WH, et al. (2001) PMID:11154694",Dataset 2; all!A81:F81,correct,-9.575844248413162e-29,0.08591081396678989,0.0008590751899388004,0e120b0d4015048ef2edaf86ea039c533a72827ff00a34ca35d9fbe87a2781e5,,no_benchmark_prediction_found,,,ART;SUP;UPSTREAM,Article sections 2-4; Dataset 1/2 sheets; supplements S1/S2; publication-proximate upstream tree,not_reported,unknown,False,No benchmark-specific prediction found in the inspected package.
Yeast9,excel:82,YNL256W,YNL256W,5-formyltetrahydrofolic acid,r_1625,,r_1625,,,Other,"Iliades P, et al. (2004) PMID:15215118",Dataset 2; all!A82:F82,correct,0.0,0.08590962190639635,0.0008590751899388004,0e120b0d4015048ef2edaf86ea039c533a72827ff00a34ca35d9fbe87a2781e5,,no_benchmark_prediction_found,,,ART;SUP;UPSTREAM,Article sections 2-4; Dataset 1/2 sheets; supplements S1/S2; publication-proximate upstream tree,not_reported,unknown,False,No benchmark-specific prediction found in the inspected package.
Yeast9,excel:83,YJL153C,YJL153C,myo-inositol,r_1947,,r_1947,,,Other,Culbertson MR and Henry SA (1975) PMID:1093935,Dataset 2; all!A83:F83,correct,0.0,0.08597479050579683,0.0008590751899388004,0e120b0d4015048ef2edaf86ea039c533a72827ff00a34ca35d9fbe87a2781e5,,no_benchmark_prediction_found,,,ART;SUP;UPSTREAM,Article sections 2-4; Dataset 1/2 sheets; supplements S1/S2; publication-proximate upstream tree,not_reported,unknown,False,No benchmark-specific prediction found in the inspected package.
Yeast9,excel:84,YKL212W,YKL212W,myo-inositol,r_1947,,r_1947,,,Other,"Rivas MP, et al. (1999) PMID:10397762",Dataset 2; all!A84:F84,type_I,0.08590754899640707,0.0859748205553319,0.0008590751899388004,0e120b0d4015048ef2edaf86ea039c533a72827ff00a34ca35d9fbe87a2781e5,,no_benchmark_prediction_found,,,ART;SUP;UPSTREAM,Article sections 2-4; Dataset 1/2 sheets; supplements S1/S2; publication-proximate upstream tree,not_reported,unknown,False,No benchmark-specific prediction found in the inspected package.
Yeast9,excel:85,YJR025C,YJR025C,nicotinicacid,r_1967,,r_1967,,,W303,"Panozzo C, et al. (2002) PMID:12062417",Dataset 2; all!A85:F85,correct,-4.2310678897506946e-14,0.08599042160768812,0.0008590751899388004,0e120b0d4015048ef2edaf86ea039c533a72827ff00a34ca35d9fbe87a2781e5,,no_benchmark_prediction_found,,,ART;SUP;UPSTREAM,Article sections 2-4; Dataset 1/2 sheets; supplements S1/S2; publication-proximate upstream tree,not_reported,unknown,False,No benchmark-specific prediction found in the inspected package.
Yeast9,excel:86,YJR078W,YJR078W,nicotinicacid,r_1967,,r_1967,,,W303,"Panozzo C, et al. (2002) PMID:12062417",Dataset 2; all!A86:F86,correct,0.0,0.0859905044294232,0.0008590751899388004,0e120b0d4015048ef2edaf86ea039c533a72827ff00a34ca35d9fbe87a2781e5,,no_benchmark_prediction_found,,,ART;SUP;UPSTREAM,Article sections 2-4; Dataset 1/2 sheets; supplements S1/S2; publication-proximate upstream tree,not_reported,unknown,False,No benchmark-specific prediction found in the inspected package.
Yeast9,excel:87,YBL098W,YBL098W,nicotinicacid,r_1967,,r_1967,,,W303,"Panozzo C, et al. (2002) PMID:12062417",Dataset 2; all!A87:F87,correct,-4.2310678897506946e-14,0.08599042160768755,0.0008590751899388004,0e120b0d4015048ef2edaf86ea039c533a72827ff00a34ca35d9fbe87a2781e5,,no_benchmark_prediction_found,,,ART;SUP;UPSTREAM,Article sections 2-4; Dataset 1/2 sheets; supplements S1/S2; publication-proximate upstream tree,not_reported,unknown,False,No benchmark-specific prediction found in the inspected package.
Yeast9,excel:88,YLR231C,YLR231C,nicotinicacid,r_1967,,r_1967,,,W303,"Panozzo C, et al. (2002) PMID:12062417",Dataset 2; all!A88:F88,correct,3.8261364945972254e-14,0.0859904216076884,0.0008590751899388004,0e120b0d4015048ef2edaf86ea039c533a72827ff00a34ca35d9fbe87a2781e5,,no_benchmark_prediction_found,,,ART;SUP;UPSTREAM,Article sections 2-4; Dataset 1/2 sheets; supplements S1/S2; publication-proximate upstream tree,not_reported,unknown,False,No benchmark-specific prediction found in the inspected package.
Yeast9,excel:89,YFR047C,YFR047C,nicotinicacid,r_1967,,r_1967,,,W303,"Panozzo C, et al. (2002) PMID:12062417",Dataset 2; all!A89:F89,correct,2.091655830535547e-15,0.08599042160768852,0.0008590751899388004,0e120b0d4015048ef2edaf86ea039c533a72827ff00a34ca35d9fbe87a2781e5,,no_benchmark_prediction_found,,,ART;SUP;UPSTREAM,Article sections 2-4; Dataset 1/2 sheets; supplements S1/S2; publication-proximate upstream tree,not_reported,unknown,False,No benchmark-specific prediction found in the inspected package.
Yeast9,excel:90,YBL033C,YBL033C,riboflavin,r_2038,,r_2038,,,S288C,"Oltmanns O, et al. (1969) PMID:5366000",Dataset 2; all!A90:F90,correct,-1.1969805310516447e-29,0.08593566934243578,0.0008590751899388004,0e120b0d4015048ef2edaf86ea039c533a72827ff00a34ca35d9fbe87a2781e5,,no_benchmark_prediction_found,,,ART;SUP;UPSTREAM,Article sections 2-4; Dataset 1/2 sheets; supplements S1/S2; publication-proximate upstream tree,not_reported,unknown,False,No benchmark-specific prediction found in the inspected package.
Yeast9,excel:91,YOL066C,YOL066C,riboflavin,r_2038,,r_2038,,,S288C,"Oltmanns O, et al. (1969) PMID:5366000",Dataset 2; all!A91:F91,correct,1.2955285038780035e-30,0.0859356693424353,0.0008590751899388004,0e120b0d4015048ef2edaf86ea039c533a72827ff00a34ca35d9fbe87a2781e5,,no_benchmark_prediction_found,,,ART;SUP;UPSTREAM,Article sections 2-4; Dataset 1/2 sheets; supplements S1/S2; publication-proximate upstream tree,not_reported,unknown,False,No benchmark-specific prediction found in the inspected package.
Yeast9,excel:92,YDR487C,YDR487C,riboflavin,r_2038,,r_2038,,,S288C,"Oltmanns O, et al. (1969) PMID:5366000",Dataset 2; all!A92:F92,correct,0.0,0.08593566934243586,0.0008590751899388004,0e120b0d4015048ef2edaf86ea039c533a72827ff00a34ca35d9fbe87a2781e5,,no_benchmark_prediction_found,,,ART;SUP;UPSTREAM,Article sections 2-4; Dataset 1/2 sheets; supplements S1/S2; publication-proximate upstream tree,not_reported,unknown,False,No benchmark-specific prediction found in the inspected package.
Yeast9,excel:93,YOL143C,YOL143C,riboflavin,r_2038,,r_2038,,,S288C,"Oltmanns O, et al. (1969) PMID:5366000",Dataset 2; all!A93:F93,correct,0.0,0.08593566934243663,0.0008590751899388004,0e120b0d4015048ef2edaf86ea039c533a72827ff00a34ca35d9fbe87a2781e5,,no_benchmark_prediction_found,,,ART;SUP;UPSTREAM,Article sections 2-4; Dataset 1/2 sheets; supplements S1/S2; publication-proximate upstream tree,not_reported,unknown,False,No benchmark-specific prediction found in the inspected package.
Yeast9,excel:94,YBR256C,YBR256C,riboflavin,r_2038,,r_2038,,,S288C,"Oltmanns O, et al. (1969) PMID:5366000",Dataset 2; all!A94:F94,correct,-1.1969805310516447e-29,0.0859356693424348,0.0008590751899388004,0e120b0d4015048ef2edaf86ea039c533a72827ff00a34ca35d9fbe87a2781e5,,no_benchmark_prediction_found,,,ART;SUP;UPSTREAM,Article sections 2-4; Dataset 1/2 sheets; supplements S1/S2; publication-proximate upstream tree,not_reported,unknown,False,No benchmark-specific prediction found in the inspected package.
Yeast9,excel:95,YGR144W,YGR144W,thiamine(1+),r_2067,,r_2067,,,S288C,"Ruiz-Roldán C, et al. (2008) PMID:17964830",Dataset 2; all!A95:F95,type_I,0.08590751899388024,0.08590754899640818,0.0008590751899388004,0e120b0d4015048ef2edaf86ea039c533a72827ff00a34ca35d9fbe87a2781e5,T1-23,selected_published_error_class,type II,type_II,ART,"Table 1 (tbl1), body row 14, THI4-thiamine",comparable_qualitative,mismatch,False,Published qualitative benchmark label; exact author run/version/numerical growth remain unavailable.
Yeast9,excel:96,YPL214C,YPL214C,thiamine(1+),r_2067,,r_2067,,,Other,"Nosaka K, et al. (1994) PMID:7982968",Dataset 2; all!A96:F96,correct,0.0,0.08590754899640686,0.0008590751899388004,0e120b0d4015048ef2edaf86ea039c533a72827ff00a34ca35d9fbe87a2781e5,,no_benchmark_prediction_found,,,ART;SUP;UPSTREAM,Article sections 2-4; Dataset 1/2 sheets; supplements S1/S2; publication-proximate upstream tree,not_reported,unknown,False,No benchmark-specific prediction found in the inspected package.
Yeast9,excel:97,YGR096W,YGR096W,thiamine(1+),r_2067,,r_2067,,,S288C,"Marobbio CM, et al. (2002) PMID:12411483",Dataset 2; all!A97:F97,type_I,0.08590751899387956,0.08590754899640753,0.0008590751899388004,0e120b0d4015048ef2edaf86ea039c533a72827ff00a34ca35d9fbe87a2781e5,,no_benchmark_prediction_found,,,ART;SUP;UPSTREAM,Article sections 2-4; Dataset 1/2 sheets; supplements S1/S2; publication-proximate upstream tree,not_reported,unknown,False,No benchmark-specific prediction found in the inspected package.
Yeast9,excel:98,YKL184W,YKL184W,pantothenic acid,r_1548,,r_1548,,,S288C,"White WH, et al. (2001) PMID:11154694",Dataset 2; all!A98:F98,type_I,0.08590751899387956,0.08591081396679216,0.0008590751899388004,0e120b0d4015048ef2edaf86ea039c533a72827ff00a34ca35d9fbe87a2781e5,,no_benchmark_prediction_found,,,ART;SUP;UPSTREAM,Article sections 2-4; Dataset 1/2 sheets; supplements S1/S2; publication-proximate upstream tree,not_reported,unknown,False,No benchmark-specific prediction found in the inspected package.
Yeast9,excel:99,YOL052C,YOL052C,pantothenic acid,r_1548,,r_1548,,,S288C,"White WH, et al. (2001) PMID:11154694",Dataset 2; all!A99:F99,correct,-9.575844248413162e-29,0.08591081396679216,0.0008590751899388004,0e120b0d4015048ef2edaf86ea039c533a72827ff00a34ca35d9fbe87a2781e5,,no_benchmark_prediction_found,,,ART;SUP;UPSTREAM,Article sections 2-4; Dataset 1/2 sheets; supplements S1/S2; publication-proximate upstream tree,not_reported,unknown,False,No benchmark-specific prediction found in the inspected package.
Yeast9,excel:100,YPR069C,YPR069C,pantothenic acid,r_1548,,r_1548,,,S288C,"White WH, et al. (2001) PMID:11154694",Dataset 2; all!A100:F100,type_I,0.08590751899387915,0.08591081396678864,0.0008590751899388004,0e120b0d4015048ef2edaf86ea039c533a72827ff00a34ca35d9fbe87a2781e5,,no_benchmark_prediction_found,,,ART;SUP;UPSTREAM,Article sections 2-4; Dataset 1/2 sheets; supplements S1/S2; publication-proximate upstream tree,not_reported,unknown,False,No benchmark-specific prediction found in the inspected package.
Yeast9,excel:101,YGR267C,YGR267C,5-formyltetrahydrofolic acid,r_1625,,r_1625,,,W303,"Nardese V, et al. (1996) PMID:8573145",Dataset 2; all!A101:F101,correct,0.0,0.08590962190639623,0.0008590751899388004,0e120b0d4015048ef2edaf86ea039c533a72827ff00a34ca35d9fbe87a2781e5,,no_benchmark_prediction_found,,,ART;SUP;UPSTREAM,Article sections 2-4; Dataset 1/2 sheets; supplements S1/S2; publication-proximate upstream tree,not_reported,unknown,False,No benchmark-specific prediction found in the inspected package.
Yeast9,excel:102,YMR113W,YMR113W,5-formyltetrahydrofolic acid,r_1625,,r_1625,,,W303,"Cherest H, et al. (2000) PMID:10799479",Dataset 2; all!A102:F102,correct,0.0,0.08590962190639623,0.0008590751899388004,0e120b0d4015048ef2edaf86ea039c533a72827ff00a34ca35d9fbe87a2781e5,,no_benchmark_prediction_found,,,ART;SUP;UPSTREAM,Article sections 2-4; Dataset 1/2 sheets; supplements S1/S2; publication-proximate upstream tree,not_reported,unknown,False,No benchmark-specific prediction found in the inspected package.
Yeast9,excel:103,YAR015W,YAR015W,adenine,r_1639,,r_1639,,,W303,"Roberts RL, et al. (2003) PMID:12740435",Dataset 2; all!A103:F103,correct,-6.516812263957768e-16,0.08667343780013602,0.0008590751899388004,0e120b0d4015048ef2edaf86ea039c533a72827ff00a34ca35d9fbe87a2781e5,,no_benchmark_prediction_found,,,ART;SUP;UPSTREAM,Article sections 2-4; Dataset 1/2 sheets; supplements S1/S2; publication-proximate upstream tree,not_reported,unknown,False,No benchmark-specific prediction found in the inspected package.
Yeast9,excel:104,YNL220W,YNL220W,adenine,r_1639,,r_1639,,,Other,Dorfman BZ (1969) PMID:5807803,Dataset 2; all!A104:F104,correct,4.3105852422841304e-16,0.08667343780013503,0.0008590751899388004,0e120b0d4015048ef2edaf86ea039c533a72827ff00a34ca35d9fbe87a2781e5,,no_benchmark_prediction_found,,,ART;SUP;UPSTREAM,Article sections 2-4; Dataset 1/2 sheets; supplements S1/S2; publication-proximate upstream tree,not_reported,unknown,False,No benchmark-specific prediction found in the inspected package.
Yeast9,excel:105,YLR359W,YLR359W,adenine,r_1639,,r_1639,,,Other,Dorfman BZ (1969) PMID:5807803,Dataset 2; all!A105:F105,correct,-7.447478580851286e-16,0.08667343780013566,0.0008590751899388004,0e120b0d4015048ef2edaf86ea039c533a72827ff00a34ca35d9fbe87a2781e5,,no_benchmark_prediction_found,,,ART;SUP;UPSTREAM,Article sections 2-4; Dataset 1/2 sheets; supplements S1/S2; publication-proximate upstream tree,not_reported,unknown,False,No benchmark-specific prediction found in the inspected package.
Yeast9,excel:106,YOR128C,YOR128C,adenine,r_1639,,r_1639,,,W303,"Roberts RL, et al. (2003) PMID:12740435",Dataset 2; all!A106:F106,correct,-6.496321092806097e-15,0.08667343780013506,0.0008590751899388004,0e120b0d4015048ef2edaf86ea039c533a72827ff00a34ca35d9fbe87a2781e5,,no_benchmark_prediction_found,,,ART;SUP;UPSTREAM,Article sections 2-4; Dataset 1/2 sheets; supplements S1/S2; publication-proximate upstream tree,not_reported,unknown,False,No benchmark-specific prediction found in the inspected package.
Yeast9,excel:107,YKR080W,YKR080W,adenine,r_1639,,r_1639,,,Other,"West MG, et al. (1993) PMID:8416923",Dataset 2; all!A107:F107,type_I,0.08590751899387956,0.0866734378001355,0.0008590751899388004,0e120b0d4015048ef2edaf86ea039c533a72827ff00a34ca35d9fbe87a2781e5,,no_benchmark_prediction_found,,,ART;SUP;UPSTREAM,Article sections 2-4; Dataset 1/2 sheets; supplements S1/S2; publication-proximate upstream tree,not_reported,unknown,False,No benchmark-specific prediction found in the inspected package.
Yeast9,excel:108,YMR217W,YMR217W,guanine,r_1818,,r_1818,,,Other,"Dujardin G, et al. (1994) PMID:8112582",Dataset 2; all!A108:F108,correct,1.3195456477448136e-20,0.08626772155086641,0.0008590751899388004,0e120b0d4015048ef2edaf86ea039c533a72827ff00a34ca35d9fbe87a2781e5,,no_benchmark_prediction_found,,,ART;SUP;UPSTREAM,Article sections 2-4; Dataset 1/2 sheets; supplements S1/S2; publication-proximate upstream tree,not_reported,unknown,False,No benchmark-specific prediction found in the inspected package.
Yeast9,excel:109,YKL216W,YKL216W,uracil,r_2090,,r_2090,,,FL100,Lacroute F (1968) PMID:5651325,Dataset 2; all!A109:F109,correct,6.835363405367679e-18,0.0864530850866829,0.0008590751899388004,0e120b0d4015048ef2edaf86ea039c533a72827ff00a34ca35d9fbe87a2781e5,,no_benchmark_prediction_found,,,ART;SUP;UPSTREAM,Article sections 2-4; Dataset 1/2 sheets; supplements S1/S2; publication-proximate upstream tree,not_reported,unknown,False,No benchmark-specific prediction found in the inspected package.
Yeast9,excel:110,YJL130C,YJL130C,uracil,r_2090,,r_2090,,,FL100,Lacroute F (1968) PMID:5651325,Dataset 2; all!A110:F110,type_II,2.937654330323801e-20,1.2115242938631016e-17,0.0008590751899388004,0e120b0d4015048ef2edaf86ea039c533a72827ff00a34ca35d9fbe87a2781e5,T1-24,selected_published_error_class,type II,type_II,ART,"Table 1 (tbl1), body row 18, URA2-uracil",comparable_qualitative,match,False,Published qualitative benchmark label; exact author run/version/numerical growth remain unavailable.
Yeast9,excel:111,YEL021W,YEL021W,uracil,r_2090,,r_2090,,,FL100,Lacroute F (1968) PMID:5651325,Dataset 2; all!A111:F111,correct,6.835363405367679e-18,0.08645308508668316,0.0008590751899388004,0e120b0d4015048ef2edaf86ea039c533a72827ff00a34ca35d9fbe87a2781e5,,no_benchmark_prediction_found,,,ART;SUP;UPSTREAM,Article sections 2-4; Dataset 1/2 sheets; supplements S1/S2; publication-proximate upstream tree,not_reported,unknown,False,No benchmark-specific prediction found in the inspected package.
Yeast9,excel:112,YLR420W,YLR420W,uracil,r_2090,,r_2090,,,FL100,Lacroute F (1968) PMID:5651325,Dataset 2; all!A112:F112,correct,-7.186977014897217e-31,0.08645308508668245,0.0008590751899388004,0e120b0d4015048ef2edaf86ea039c533a72827ff00a34ca35d9fbe87a2781e5,,no_benchmark_prediction_found,,,ART;SUP;UPSTREAM,Article sections 2-4; Dataset 1/2 sheets; supplements S1/S2; publication-proximate upstream tree,not_reported,unknown,False,No benchmark-specific prediction found in the inspected package.
Yeast9,excel:113,YMR300C,YMR300C,adenine add  thiamine,r_1639,r_2067,r_1639,r_2067,,S288C,"Roberts RL, et al. (2003) PMID:12740435",Dataset 2; all!A113:F113,correct,-3.3743439951019678e-15,0.08667346850252916,0.0008590751899388004,0e120b0d4015048ef2edaf86ea039c533a72827ff00a34ca35d9fbe87a2781e5,,no_benchmark_prediction_found,,,ART;SUP;UPSTREAM,Article sections 2-4; Dataset 1/2 sheets; supplements S1/S2; publication-proximate upstream tree,not_reported,unknown,False,No benchmark-specific prediction found in the inspected package.
Yeast9,excel:114,YGL234W,YGL234W,adenine add  thiamine,r_1639,r_2067,r_1639,r_2067,,W303,"Roberts RL, et al. (2003) PMID:12740435",Dataset 2; all!A114:F114,correct,-3.3743439951019678e-15,0.08667346850252916,0.0008590751899388004,0e120b0d4015048ef2edaf86ea039c533a72827ff00a34ca35d9fbe87a2781e5,,no_benchmark_prediction_found,,,ART;SUP;UPSTREAM,Article sections 2-4; Dataset 1/2 sheets; supplements S1/S2; publication-proximate upstream tree,not_reported,unknown,False,No benchmark-specific prediction found in the inspected package.
Yeast9,excel:115,YGR061C,YGR061C,adenine add  thiamine,r_1639,r_2067,r_1639,r_2067,,W303,"Roberts RL, et al. (2003) PMID:12740435",Dataset 2; all!A115:F115,correct,-3.3743439951019678e-15,0.0866734685025289,0.0008590751899388004,0e120b0d4015048ef2edaf86ea039c533a72827ff00a34ca35d9fbe87a2781e5,,no_benchmark_prediction_found,,,ART;SUP;UPSTREAM,Article sections 2-4; Dataset 1/2 sheets; supplements S1/S2; publication-proximate upstream tree,not_reported,unknown,False,No benchmark-specific prediction found in the inspected package.
Yeast9,excel:116,YDR408C,YDR408C,adenine add  thiamine,r_1639,r_2067,r_1639,r_2067,,S288C,"Roberts RL, et al. (2003) PMID:12740435",Dataset 2; all!A116:F116,correct,-3.3743439951019678e-15,0.08667346850252985,0.0008590751899388004,0e120b0d4015048ef2edaf86ea039c533a72827ff00a34ca35d9fbe87a2781e5,,no_benchmark_prediction_found,,,ART;SUP;UPSTREAM,Article sections 2-4; Dataset 1/2 sheets; supplements S1/S2; publication-proximate upstream tree,not_reported,unknown,False,No benchmark-specific prediction found in the inspected package.
Yeast9,excel:117,YNR033W,YNR033W,4-aminobenzoic acid,r_1604,,r_1604,,,Other,"Edman JC, et al. (1993) PMID:8346682",Dataset 2; all!A117:F117,correct,0.0,0.08590819518992236,0.0008590751899388004,0e120b0d4015048ef2edaf86ea039c533a72827ff00a34ca35d9fbe87a2781e5,,no_benchmark_prediction_found,,,ART;SUP;UPSTREAM,Article sections 2-4; Dataset 1/2 sheets; supplements S1/S2; publication-proximate upstream tree,not_reported,unknown,False,No benchmark-specific prediction found in the inspected package.
Yeast9,excel:118,YER026C,YER026C,choline,r_1683,,r_1683,,,Other,"Atkinson KD, et al. (1980) PMID:6988386",Dataset 2; all!A118:F118,type_II,0.0,0.0,0.0008590751899388004,0e120b0d4015048ef2edaf86ea039c533a72827ff00a34ca35d9fbe87a2781e5,,no_benchmark_prediction_found,,,ART;SUP;UPSTREAM,Article sections 2-4; Dataset 1/2 sheets; supplements S1/S2; publication-proximate upstream tree,not_reported,unknown,False,No benchmark-specific prediction found in the inspected package.
Yeast9,excel:119,YGR157W,YGR157W,choline,r_1683,,r_1683,,,X2180-1A,"Han GS, et al. (2008) PMID:18458075",Dataset 2; all!A119:F119,type_I,0.08590751899387956,0.0863330642578444,0.0008590751899388004,0e120b0d4015048ef2edaf86ea039c533a72827ff00a34ca35d9fbe87a2781e5,T1-03,selected_published_error_class,type I,type_I,ART,"Table 1 (tbl1), body row 3, CHO2-choline",comparable_qualitative,match,False,Published qualitative benchmark label; exact author run/version/numerical growth remain unavailable.
Yeast9,excel:120,YKL104C,YKL104C,D-glucosamine,r_4506,,r_4506,,,X2180-1A,Whelan WL and Ballou CE (1975) PMID:1104590,Dataset 2; all!A120:F120,type_I,0.08590751899387956,20.57245075158079,0.0008590751899388004,0e120b0d4015048ef2edaf86ea039c533a72827ff00a34ca35d9fbe87a2781e5,T1-07,selected_published_error_class,type I,type_I,ART,"Table 1 (tbl1), body row 7, GFA1-d-Glucosamine",comparable_qualitative,match,False,Published qualitative benchmark label; exact author run/version/numerical growth remain unavailable.
Yeast9,excel:121,YER003C,YER003C,D-mannose,r_1715,,r_1715,,,SEY6210,"Smith DJ, et al. (1992) PMID:1377774",Dataset 2; all!A121:F121,correct,-2.0609272630540089e-32,0.09161378234508802,0.0008590751899388004,0e120b0d4015048ef2edaf86ea039c533a72827ff00a34ca35d9fbe87a2781e5,,no_benchmark_prediction_found,,,ART;SUP;UPSTREAM,Article sections 2-4; Dataset 1/2 sheets; supplements S1/S2; publication-proximate upstream tree,not_reported,unknown,False,No benchmark-specific prediction found in the inspected package.
Yeast9,excel:122,YGR175C,YGR175C,ergosterol,r_1757,,r_1757,,,FL100,Karst F and Lacroute F (1977) PMID:200835,Dataset 2; all!A122:F122,correct,-1.4415964233580971e-18,0.08853793645880398,0.0008590751899388004,0e120b0d4015048ef2edaf86ea039c533a72827ff00a34ca35d9fbe87a2781e5,,no_benchmark_prediction_found,,,ART;SUP;UPSTREAM,Article sections 2-4; Dataset 1/2 sheets; supplements S1/S2; publication-proximate upstream tree,not_reported,unknown,False,No benchmark-specific prediction found in the inspected package.
Yeast9,excel:123,YPL028W,YPL028W,ergosterol,r_1757,,r_1757,,,FL100,Karst F and Lacroute F (1977) PMID:200835,Dataset 2; all!A123:F123,type_I,0.08488395870884012,0.08853792154052237,0.0008590751899388004,0e120b0d4015048ef2edaf86ea039c533a72827ff00a34ca35d9fbe87a2781e5,T1-06,selected_published_error_class,type I,type_I,ART,"Table 1 (tbl1), body row 6, ERG10-ergosterol",comparable_qualitative,match,False,Published qualitative benchmark label; exact author run/version/numerical growth remain unavailable.
Yeast9,excel:124,YHR007C,YHR007C,ergosterol,r_1757,,r_1757,,,Other,"Kalb VF, et al. (1987) PMID:3322742",Dataset 2; all!A124:F124,correct,-1.4415964233580971e-18,0.08853793645880384,0.0008590751899388004,0e120b0d4015048ef2edaf86ea039c533a72827ff00a34ca35d9fbe87a2781e5,,no_benchmark_prediction_found,,,ART;SUP;UPSTREAM,Article sections 2-4; Dataset 1/2 sheets; supplements S1/S2; publication-proximate upstream tree,not_reported,unknown,False,No benchmark-specific prediction found in the inspected package.
Yeast9,excel:125,YGR060W,YGR060W,ergosterol,r_1757,,r_1757,,,Other,"Bard M, et al. (1996) PMID:8552601",Dataset 2; all!A125:F125,correct,4.620543440171145e-32,0.0885379364588039,0.0008590751899388004,0e120b0d4015048ef2edaf86ea039c533a72827ff00a34ca35d9fbe87a2781e5,,no_benchmark_prediction_found,,,ART;SUP;UPSTREAM,Article sections 2-4; Dataset 1/2 sheets; supplements S1/S2; publication-proximate upstream tree,not_reported,unknown,False,No benchmark-specific prediction found in the inspected package.
Yeast9,excel:126,YLR100W,YLR100W,ergosterol,r_1757,,r_1757,,,Other,"Gachotte D, et al. (1999) PMID:10535978",Dataset 2; all!A126:F126,correct,-1.4415964233580971e-18,0.08853793645880169,0.0008590751899388004,0e120b0d4015048ef2edaf86ea039c533a72827ff00a34ca35d9fbe87a2781e5,,no_benchmark_prediction_found,,,ART;SUP;UPSTREAM,Article sections 2-4; Dataset 1/2 sheets; supplements S1/S2; publication-proximate upstream tree,not_reported,unknown,False,No benchmark-specific prediction found in the inspected package.
Yeast9,excel:127,YHR072W,YHR072W,ergosterol,r_1757,,r_1757,,,FL100,Karst F and Lacroute F (1977) PMID:200835,Dataset 2; all!A127:F127,correct,-1.4415964233580971e-18,0.08853793645880384,0.0008590751899388004,0e120b0d4015048ef2edaf86ea039c533a72827ff00a34ca35d9fbe87a2781e5,,no_benchmark_prediction_found,,,ART;SUP;UPSTREAM,Article sections 2-4; Dataset 1/2 sheets; supplements S1/S2; publication-proximate upstream tree,not_reported,unknown,False,No benchmark-specific prediction found in the inspected package.
Yeast9,excel:128,YMR220W,YMR220W,ergosterol,r_1757,,r_1757,,,FL100,Karst F and Lacroute F (1977) PMID:200835,Dataset 2; all!A128:F128,type_II,-1.4415964233580971e-18,0.0,0.0008590751899388004,0e120b0d4015048ef2edaf86ea039c533a72827ff00a34ca35d9fbe87a2781e5,,no_benchmark_prediction_found,,,ART;SUP;UPSTREAM,Article sections 2-4; Dataset 1/2 sheets; supplements S1/S2; publication-proximate upstream tree,not_reported,unknown,False,No benchmark-specific prediction found in the inspected package.
Yeast9,excel:129,YHR190W,YHR190W,ergosterol,r_1757,,r_1757,,,FL100,Karst F and Lacroute F (1977) PMID:200835,Dataset 2; all!A129:F129,correct,0.0,0.08853793645880333,0.0008590751899388004,0e120b0d4015048ef2edaf86ea039c533a72827ff00a34ca35d9fbe87a2781e5,,no_benchmark_prediction_found,,,ART;SUP;UPSTREAM,Article sections 2-4; Dataset 1/2 sheets; supplements S1/S2; publication-proximate upstream tree,not_reported,unknown,False,No benchmark-specific prediction found in the inspected package.
Yeast9,excel:130,YJL101C,YJL101C,glutathione,r_1807,,r_1807,,,Other,"Grant CM, et al. (1996) PMID:8662189",Dataset 2; all!A130:F130,type_I,0.08590751899387956,11.352116523377319,0.0008590751899388004,0e120b0d4015048ef2edaf86ea039c533a72827ff00a34ca35d9fbe87a2781e5,T1-08,selected_published_error_class,type I,type_I,ART,"Table 1 (tbl1), body row 9, GSH1-glutathione",comparable_qualitative,match,False,Published qualitative benchmark label; exact author run/version/numerical growth remain unavailable.
Yeast9,excel:131,YKL182W,YKL182W,fatty acid,r_1993,,r_1993,,,Other,"Schüller HJ, et al. (1992) PMID:1735446",Dataset 2; all!A131:F131,correct,0.0,9.277458568832257,0.0008590751899388004,0e120b0d4015048ef2edaf86ea039c533a72827ff00a34ca35d9fbe87a2781e5,,no_benchmark_prediction_found,,,ART;SUP;UPSTREAM,Article sections 2-4; Dataset 1/2 sheets; supplements S1/S2; publication-proximate upstream tree,not_reported,unknown,False,No benchmark-specific prediction found in the inspected package.
Yeast9,excel:132,YPL231W,YPL231W,fatty acid,r_1993,,r_1993,,,Other,"Schüller HJ, et al. (1992) PMID:1735446",Dataset 2; all!A132:F132,correct,0.0,9.277458568832257,0.0008590751899388004,0e120b0d4015048ef2edaf86ea039c533a72827ff00a34ca35d9fbe87a2781e5,,no_benchmark_prediction_found,,,ART;SUP;UPSTREAM,Article sections 2-4; Dataset 1/2 sheets; supplements S1/S2; publication-proximate upstream tree,not_reported,unknown,False,No benchmark-specific prediction found in the inspected package.
Yeast9,excel:133,YKL184W,YKL184W,putrescine,r_1548,,r_1548,,,S288C,"White WH, et al. (2001) PMID:11154694",Dataset 2; all!A133:F133,type_I,0.08590751899387956,0.08591081396679216,0.0008590751899388004,0e120b0d4015048ef2edaf86ea039c533a72827ff00a34ca35d9fbe87a2781e5,,no_benchmark_prediction_found,,,ART;SUP;UPSTREAM,Article sections 2-4; Dataset 1/2 sheets; supplements S1/S2; publication-proximate upstream tree,not_reported,unknown,False,No benchmark-specific prediction found in the inspected package.
Yeast9,excel:134,YOL052C,YOL052C,spermine,r_2052,,r_2052,,,S288C,"White WH, et al. (2001) PMID:11154694",Dataset 2; all!A134:F134,correct,-9.575844248413162e-29,7.587102594422431,0.0008590751899388004,0e120b0d4015048ef2edaf86ea039c533a72827ff00a34ca35d9fbe87a2781e5,,no_benchmark_prediction_found,,,ART;SUP;UPSTREAM,Article sections 2-4; Dataset 1/2 sheets; supplements S1/S2; publication-proximate upstream tree,not_reported,unknown,False,No benchmark-specific prediction found in the inspected package.
Yeast9,excel:135,YLR146C,YLR146C,spermine,r_2052,,r_2052,,,S288C,"White WH, et al. (2001) PMID:11154694",Dataset 2; all!A135:F135,correct,-9.575844248413162e-29,7.5871025944224835,0.0008590751899388004,0e120b0d4015048ef2edaf86ea039c533a72827ff00a34ca35d9fbe87a2781e5,,no_benchmark_prediction_found,,,ART;SUP;UPSTREAM,Article sections 2-4; Dataset 1/2 sheets; supplements S1/S2; publication-proximate upstream tree,not_reported,unknown,False,No benchmark-specific prediction found in the inspected package.
Yeast9,excel:136,YDR232W,YDR232W,heme,a_0001,,,,a_0001,Other,"Maclean KN, et al. (2000) PMID:11051561",Dataset 2; all!A136:F136,type_II,-7.9220152351833e-17,-7.9220152351833e-17,0.0008590751899388004,0e120b0d4015048ef2edaf86ea039c533a72827ff00a34ca35d9fbe87a2781e5,T1-11,selected_published_error_class,type II,type_II,ART,"Table 1 (tbl1), body row 10, HEM1-heme",comparable_qualitative,match,False,Published qualitative benchmark label; exact author run/version/numerical growth remain unavailable.
Yeast9,excel:137,YDR047W,YDR047W,heme,a_0001,,,,a_0001,Other,"Núñez L, et al. (2004) PMID:15257413",Dataset 2; all!A137:F137,type_II,0.0,0.0,0.0008590751899388004,0e120b0d4015048ef2edaf86ea039c533a72827ff00a34ca35d9fbe87a2781e5,T1-12,selected_published_error_class,type II,type_II,ART,"Table 1 (tbl1), body row 10, HEM12-heme",comparable_qualitative,match,False,Published qualitative benchmark label; exact author run/version/numerical growth remain unavailable.
Yeast9,excel:138,YGL040C,YGL040C,heme,a_0001,,,,a_0001,W303,"Maclean KN, et al. (2000) PMID:11051561",Dataset 2; all!A138:F138,type_II,0.0,0.0,0.0008590751899388004,0e120b0d4015048ef2edaf86ea039c533a72827ff00a34ca35d9fbe87a2781e5,T1-13,selected_published_error_class,type II,type_II,ART,"Table 1 (tbl1), body row 10, HEM2-heme",comparable_qualitative,match,False,Published qualitative benchmark label; exact author run/version/numerical growth remain unavailable.
Yeast9,excel:139,YDL205C,YDL205C,heme,a_0001,,,,a_0001,Other,"Keng T, et al. (1992) PMID:1508149",Dataset 2; all!A139:F139,type_II,-3.0646399881311667e-30,-3.0646399881311667e-30,0.0008590751899388004,0e120b0d4015048ef2edaf86ea039c533a72827ff00a34ca35d9fbe87a2781e5,T1-14,selected_published_error_class,type II,type_II,ART,"Table 1 (tbl1), body row 10, HEM3-heme",comparable_qualitative,match,False,Published qualitative benchmark label; exact author run/version/numerical growth remain unavailable.
Yeast9,excel:140,YOR278W,YOR278W,heme,a_0001,,,,a_0001,Other,"Tan FC, et al. (2008) PMID:18042043",Dataset 2; all!A140:F140,type_II,0.0,0.0,0.0008590751899388004,0e120b0d4015048ef2edaf86ea039c533a72827ff00a34ca35d9fbe87a2781e5,T1-15,selected_published_error_class,type II,type_II,ART,"Table 1 (tbl1), body row 10, HEM4-heme",comparable_qualitative,match,False,Published qualitative benchmark label; exact author run/version/numerical growth remain unavailable.
Yeast9,excel:141,YKL184W,YKL184W,spermidine,r_2051,,r_2051,,,S288C,"White WH, et al. (2001) PMID:11154694",Dataset 2; all!A141:F141,type_I,0.08590751899387956,0.08590751899387843,0.0008590751899388004,0e120b0d4015048ef2edaf86ea039c533a72827ff00a34ca35d9fbe87a2781e5,,no_benchmark_prediction_found,,,ART;SUP;UPSTREAM,Article sections 2-4; Dataset 1/2 sheets; supplements S1/S2; publication-proximate upstream tree,not_reported,unknown,False,No benchmark-specific prediction found in the inspected package.
Yeast9,excel:142,YPR069C,YPR069C,spermidine,r_2051,,r_2051,,,S288C,"White WH, et al. (2001) PMID:11154694",Dataset 2; all!A142:F142,type_I,0.08590751899387915,0.0859075189938795,0.0008590751899388004,0e120b0d4015048ef2edaf86ea039c533a72827ff00a34ca35d9fbe87a2781e5,,no_benchmark_prediction_found,,,ART;SUP;UPSTREAM,Article sections 2-4; Dataset 1/2 sheets; supplements S1/S2; publication-proximate upstream tree,not_reported,unknown,False,No benchmark-specific prediction found in the inspected package.
Yeast9,excel:143,YKL184W,YKL184W,spermine,r_2052,,r_2052,,,S288C,"White WH, et al. (2001) PMID:11154694",Dataset 2; all!A143:F143,type_I,0.08590751899387956,7.587102594422403,0.0008590751899388004,0e120b0d4015048ef2edaf86ea039c533a72827ff00a34ca35d9fbe87a2781e5,,no_benchmark_prediction_found,,,ART;SUP;UPSTREAM,Article sections 2-4; Dataset 1/2 sheets; supplements S1/S2; publication-proximate upstream tree,not_reported,unknown,False,No benchmark-specific prediction found in the inspected package.
Yeast9,excel:144,YPR069C,YPR069C,spermine,r_2052,,r_2052,,,S288C,"White WH, et al. (2001) PMID:11154694",Dataset 2; all!A144:F144,type_I,0.08590751899387915,7.587102594422446,0.0008590751899388004,0e120b0d4015048ef2edaf86ea039c533a72827ff00a34ca35d9fbe87a2781e5,,no_benchmark_prediction_found,,,ART;SUP;UPSTREAM,Article sections 2-4; Dataset 1/2 sheets; supplements S1/S2; publication-proximate upstream tree,not_reported,unknown,False,No benchmark-specific prediction found in the inspected package.
Yeast9,excel:145,YMR208W,YMR208W,ergosterol add heme,r_1757,a_0001,r_1757,,,FL100,Karst F and Lacroute F (1977) PMID:200835,Dataset 2; all!A145:F145,type_II,1.8764946125601842e-16,1.2501860284761028e-29,0.0008590751899388004,0e120b0d4015048ef2edaf86ea039c533a72827ff00a34ca35d9fbe87a2781e5,,no_benchmark_prediction_found,,,ART;SUP;UPSTREAM,Article sections 2-4; Dataset 1/2 sheets; supplements S1/S2; publication-proximate upstream tree,not_reported,unknown,False,No benchmark-specific prediction found in the inspected package.
Yeast9,excel:146,YML126C,YML126C,ergosterol add heme,r_1757,a_0001,r_1757,,,FL100,"Servouse M, et al. (1984) PMID:6148937",Dataset 2; all!A146:F146,type_II,0.0,-4.660024334560821e-29,0.0008590751899388004,0e120b0d4015048ef2edaf86ea039c533a72827ff00a34ca35d9fbe87a2781e5,T1-09,selected_published_error_class,type II,,ART,"Table 1 (tbl1), body row 10, ERG13-ergosterol",not_comparable,unknown,False,Reference omits the background supplement required by this Dataset 2 record.
Yeast9,excel:147,YJL167W,YJL167W,ergosterol add heme,r_1757,a_0001,r_1757,,,Other,"Chambon C, et al. (1990) PMID:2245473",Dataset 2; all!A147:F147,type_II,-1.4415964233580971e-18,0.0,0.0008590751899388004,0e120b0d4015048ef2edaf86ea039c533a72827ff00a34ca35d9fbe87a2781e5,T1-10,selected_published_error_class,type II,,ART,"Table 1 (tbl1), body row 10, ERG20-ergosterol",not_comparable,unknown,False,Reference omits the background supplement required by this Dataset 2 record.
Yeast9,excel:148,YGL055W,YGL055W,oleicacid add tween40,r_2189,r_1994,r_2189,r_1994,,S288C,Henry SA (1973) PMID:4127627,Dataset 2; all!A148:F148,correct,1.0996284195100345e-31,7.7008797111054745,0.0008590751899388004,0e120b0d4015048ef2edaf86ea039c533a72827ff00a34ca35d9fbe87a2781e5,,no_benchmark_prediction_found,,,ART;SUP;UPSTREAM,Article sections 2-4; Dataset 1/2 sheets; supplements S1/S2; publication-proximate upstream tree,not_reported,unknown,False,No benchmark-specific prediction found in the inspected package.
Yeast9_curated,excel:2,YOL058W,YOL058W,arginine,r_1879,,r_1879,,,Sigma1278b,"Crabeel M, et al. (1988) PMID:2897249",Dataset 2; all!A2:F2,correct,-1.834829422852481e-32,6.7408546980671815,0.0008590751899388004,d0bd57f6ec99b8fb1f0ffeb7006ba88a879a9185100236249d6e4bae333a82af,FIG4-ARG1-arginine,systematic_positive_edge,positive auxotrophy edge,,FIG4,"Figure 4, visible ARG1 -> L-arginine edge",not_comparable,unknown,False,Systematic positive-prediction graph: benchmark conditions and exact run identity are not supplied.
Yeast9_curated,excel:3,YJL071W,YJL071W,arginine,r_1879,,r_1879,,,S288C,Vandenbol M and Portetelle D (1999) PMID:10509023,Dataset 2; all!A3:F3,type_I,0.08583536820220818,7.682337003173623,0.0008590751899388004,d0bd57f6ec99b8fb1f0ffeb7006ba88a879a9185100236249d6e4bae333a82af,,no_benchmark_prediction_found,,,ART;SUP;UPSTREAM,Article sections 2-4; Dataset 1/2 sheets; supplements S1/S2; publication-proximate upstream tree,not_reported,unknown,False,No benchmark-specific prediction found in the inspected package.
Yeast9_curated,excel:4,YJL088W,YJL088W,arginine,r_1879,,r_1879,,,Other,"Cheng MY, et al. (1987) PMID:3295876",Dataset 2; all!A4:F4,correct,0.0,7.682337003173623,0.0008590751899388004,d0bd57f6ec99b8fb1f0ffeb7006ba88a879a9185100236249d6e4bae333a82af,FIG4-ARG3-arginine,systematic_positive_edge,positive auxotrophy edge,,FIG4,"Figure 4, visible ARG3 -> L-arginine edge",not_comparable,unknown,False,Systematic positive-prediction graph: benchmark conditions and exact run identity are not supplied.
Yeast9_curated,excel:5,YHR018C,YHR018C,arginine,r_1879,,r_1879,,,Other,"Espinosa-Cantú A, et al. (2018) PMID:29127264",Dataset 2; all!A5:F5,correct,-6.232891269447024e-33,6.740854698067261,0.0008590751899388004,d0bd57f6ec99b8fb1f0ffeb7006ba88a879a9185100236249d6e4bae333a82af,FIG4-ARG4-arginine,systematic_positive_edge,positive auxotrophy edge,,FIG4,"Figure 4, visible ARG4 -> L-arginine edge",not_comparable,unknown,False,Systematic positive-prediction graph: benchmark conditions and exact run identity are not supplied.
Yeast9_curated,excel:6,YER069W,YER069W,arginine,r_1879,,r_1879,,,Other,"Boonchird C, et al. (1991) PMID:1851947",Dataset 2; all!A6:F6,correct,7.17410652422043e-33,7.682337003173628,0.0008590751899388004,d0bd57f6ec99b8fb1f0ffeb7006ba88a879a9185100236249d6e4bae333a82af,"FIG4-ARG5,6-arginine",systematic_positive_edge,positive auxotrophy edge,,FIG4,"Figure 4, visible ARG5,6 -> L-arginine edge",not_comparable,unknown,False,Systematic positive-prediction graph: benchmark conditions and exact run identity are not supplied.
Yeast9_curated,excel:7,YMR062C,YMR062C,arginine,r_1879,,r_1879,,,Sigma1278b,"Crabeel M, et al. (1997) PMID:9428669",Dataset 2; all!A7:F7,correct,0.0,7.682337003173626,0.0008590751899388004,d0bd57f6ec99b8fb1f0ffeb7006ba88a879a9185100236249d6e4bae333a82af,FIG4-ARG7-arginine,systematic_positive_edge,positive auxotrophy edge,,FIG4,"Figure 4, visible ARG7 -> L-arginine edge",not_comparable,unknown,False,Systematic positive-prediction graph: benchmark conditions and exact run identity are not supplied.
Yeast9_curated,excel:8,YLR027C,YLR027C,asparticacid,r_1881,,r_1881,,,S288C,"Crawford RA, et al. (2022) PMID:35621265",Dataset 2; all!A8:F8,correct,2.2334093555732374e-48,6.88017646470108,0.0008590751899388004,d0bd57f6ec99b8fb1f0ffeb7006ba88a879a9185100236249d6e4bae333a82af,TEXT-AAT2,explicit_corrected_pair_text,correct,correct,ART,"Section 3.2, JATS paragraph p0160; AAT2-aspartate",comparable_qualitative,match,False,Published qualitative benchmark label; exact author run/version/numerical growth remain unavailable.
Yeast9_curated,excel:9,YAL012W,YAL012W,cysteine,r_1883,,r_1883,,,W303,"Cherest H, et al. (1993) PMID:8366024",Dataset 2; all!A9:F9,correct,0.0,5.797737713177189,0.0008590751899388004,d0bd57f6ec99b8fb1f0ffeb7006ba88a879a9185100236249d6e4bae333a82af,FIG4-CYS3-cysteine,systematic_positive_edge,positive auxotrophy edge,,FIG4,"Figure 4, visible CYS3 -> L-cysteine edge",not_comparable,unknown,False,Systematic positive-prediction graph: benchmark conditions and exact run identity are not supplied.
Yeast9_curated,excel:10,YGR155W,YGR155W,cysteine,r_1883,,r_1883,,,W303,"Cherest H, et al. (1993) PMID:8366024",Dataset 2; all!A10:F10,correct,0.0,5.797737713176925,0.0008590751899388004,d0bd57f6ec99b8fb1f0ffeb7006ba88a879a9185100236249d6e4bae333a82af,FIG4-CYS4-cysteine,systematic_positive_edge,positive auxotrophy edge,,FIG4,"Figure 4, visible CYS4 -> L-cysteine edge",not_comparable,unknown,False,Systematic positive-prediction graph: benchmark conditions and exact run identity are not supplied.
Yeast9_curated,excel:11,YPR035W,YPR035W,glutamine,r_1891,,r_1891,,,Sigma1278b,Mitchell AP (1985) PMID:2865193,Dataset 2; all!A11:F11,correct,-3.876808789045015e-18,9.660981083002296,0.0008590751899388004,d0bd57f6ec99b8fb1f0ffeb7006ba88a879a9185100236249d6e4bae333a82af,FIG4-GLN1-glutamine,systematic_positive_edge,positive auxotrophy edge,,FIG4,"Figure 4, visible GLN1 -> L-glutamine edge",not_comparable,unknown,False,Systematic positive-prediction graph: benchmark conditions and exact run identity are not supplied.
Yeast9_curated,excel:12,YER055C,YER055C,histidine,r_1893,,r_1893,,,Other,Korch CT (1973) PMID:17248619,Dataset 2; all!A12:F12,correct,0.0,0.08657600536479065,0.0008590751899388004,d0bd57f6ec99b8fb1f0ffeb7006ba88a879a9185100236249d6e4bae333a82af,FIG4-HIS1-histidine,systematic_positive_edge,positive auxotrophy edge,,FIG4,"Figure 4, visible HIS1 -> L-histidine edge",not_comparable,unknown,False,Systematic positive-prediction graph: benchmark conditions and exact run identity are not supplied.
Yeast9_curated,excel:13,YFR025C,YFR025C,histidine,r_1893,,r_1893,,,Other,Gorman JA and Gorman J (1971) PMID:4329443,Dataset 2; all!A13:F13,correct,-5.5577776860123134e-30,0.08657600536479108,0.0008590751899388004,d0bd57f6ec99b8fb1f0ffeb7006ba88a879a9185100236249d6e4bae333a82af,FIG4-HIS2-histidine,systematic_positive_edge,positive auxotrophy edge,,FIG4,"Figure 4, visible HIS2 -> L-histidine edge",not_comparable,unknown,False,Systematic positive-prediction graph: benchmark conditions and exact run identity are not supplied.
Yeast9_curated,excel:14,YOR202W,YOR202W,histidine,r_1893,,r_1893,,,Other,Scherer S and Davis RW (1979) PMID:388424,Dataset 2; all!A14:F14,correct,0.0,0.08657605992795608,0.0008590751899388004,d0bd57f6ec99b8fb1f0ffeb7006ba88a879a9185100236249d6e4bae333a82af,FIG4-HIS3-histidine,systematic_positive_edge,positive auxotrophy edge,,FIG4,"Figure 4, visible HIS3 -> L-histidine edge",not_comparable,unknown,False,Systematic positive-prediction graph: benchmark conditions and exact run identity are not supplied.
Yeast9_curated,excel:15,YCL030C,YCL030C,histidine,r_1893,,r_1893,,,S288C,"Hirschman JE, et al. (1988) PMID:2850465",Dataset 2; all!A15:F15,correct,6.640334152216237e-19,0.08657600536479093,0.0008590751899388004,d0bd57f6ec99b8fb1f0ffeb7006ba88a879a9185100236249d6e4bae333a82af,FIG4-HIS4-histidine,systematic_positive_edge,positive auxotrophy edge,,FIG4,"Figure 4, visible HIS4 -> L-histidine edge",not_comparable,unknown,False,Systematic positive-prediction graph: benchmark conditions and exact run identity are not supplied.
Yeast9_curated,excel:16,YIL116W,YIL116W,histidine,r_1893,,r_1893,,,Other,"Harashima S, et al. (1981) PMID:7044894",Dataset 2; all!A16:F16,correct,1.1165531027504649e-31,0.08657600536479139,0.0008590751899388004,d0bd57f6ec99b8fb1f0ffeb7006ba88a879a9185100236249d6e4bae333a82af,FIG4-HIS5-histidine,systematic_positive_edge,positive auxotrophy edge,,FIG4,"Figure 4, visible HIS5 -> L-histidine edge",not_comparable,unknown,False,Systematic positive-prediction graph: benchmark conditions and exact run identity are not supplied.
Yeast9_curated,excel:17,YIL020C,YIL020C,histidine,r_1893,,r_1893,,,Other,"Fani R, et al. (1997) PMID:9332345",Dataset 2; all!A17:F17,correct,0.0,0.08657605992795625,0.0008590751899388004,d0bd57f6ec99b8fb1f0ffeb7006ba88a879a9185100236249d6e4bae333a82af,FIG4-HIS6-histidine,systematic_positive_edge,positive auxotrophy edge,,FIG4,"Figure 4, visible HIS6 -> L-histidine edge",not_comparable,unknown,False,Systematic positive-prediction graph: benchmark conditions and exact run identity are not supplied.
Yeast9_curated,excel:18,YBR248C,YBR248C,histidine,r_1893,,r_1893,,,Other,"Kuenzler M, et al. (1993) PMID:8366040",Dataset 2; all!A18:F18,correct,0.0,0.08657605992795617,0.0008590751899388004,d0bd57f6ec99b8fb1f0ffeb7006ba88a879a9185100236249d6e4bae333a82af,FIG4-HIS7-histidine,systematic_positive_edge,positive auxotrophy edge,,FIG4,"Figure 4, visible HIS7 -> L-histidine edge",not_comparable,unknown,False,Systematic positive-prediction graph: benchmark conditions and exact run identity are not supplied.
Yeast9_curated,excel:19,YER086W,YER086W,isoleucine,r_1897,,r_1897,,,Other,KAKAR SN and WAGNER RP (1964) PMID:14124940,Dataset 2; all!A19:F19,type_I,0.08583535010311108,0.15636288168522738,0.0008590751899388004,d0bd57f6ec99b8fb1f0ffeb7006ba88a879a9185100236249d6e4bae333a82af,,no_benchmark_prediction_found,,,ART;SUP;UPSTREAM,Article sections 2-4; Dataset 1/2 sheets; supplements S1/S2; publication-proximate upstream tree,not_reported,unknown,False,No benchmark-specific prediction found in the inspected package.
Yeast9_curated,excel:20,YGL009C,YGL009C,leucine,r_1899,,r_1899,,,Other,Hawthorne DC and Mortimer RK (1960) PMID:17247984,Dataset 2; all!A20:F20,correct,-2.4143164290036147e-18,0.16152100724634894,0.0008590751899388004,d0bd57f6ec99b8fb1f0ffeb7006ba88a879a9185100236249d6e4bae333a82af,FIG4-LEU1-leucine,systematic_positive_edge,positive auxotrophy edge,,FIG4,"Figure 4, visible LEU1 -> L-leucine edge",not_comparable,unknown,False,Systematic positive-prediction graph: benchmark conditions and exact run identity are not supplied.
Yeast9_curated,excel:21,YCL018W,YCL018W,leucine,r_1899,,r_1899,,,Other,"Toh-e A, et al. (1980) PMID:6243628",Dataset 2; all!A21:F21,correct,-7.787546657037763e-47,0.16152100724634708,0.0008590751899388004,d0bd57f6ec99b8fb1f0ffeb7006ba88a879a9185100236249d6e4bae333a82af,FIG4-LEU2-leucine,systematic_positive_edge,positive auxotrophy edge,,FIG4,"Figure 4, visible LEU2 -> L-leucine edge",not_comparable,unknown,False,Systematic positive-prediction graph: benchmark conditions and exact run identity are not supplied.
Yeast9_curated,excel:22,YIR034C,YIR034C,lysine,r_1900,,r_1900,,,Other,Hawthorne DC and Mortimer RK (1960) PMID:17247984,Dataset 2; all!A22:F22,correct,1.4492225332547097e-31,0.08920076812474198,0.0008590751899388004,d0bd57f6ec99b8fb1f0ffeb7006ba88a879a9185100236249d6e4bae333a82af,FIG4-LYS1-lysine,systematic_positive_edge,positive auxotrophy edge,,FIG4,"Figure 4, visible LYS1 -> L-lysine edge",not_comparable,unknown,False,Systematic positive-prediction graph: benchmark conditions and exact run identity are not supplied.
Yeast9_curated,excel:23,YBR115C,YBR115C,lysine,r_1900,,r_1900,,,Other,"Simchen G, et al. (1984) PMID:6326126",Dataset 2; all!A23:F23,correct,1.9189481935386814e-18,0.08920076881319457,0.0008590751899388004,d0bd57f6ec99b8fb1f0ffeb7006ba88a879a9185100236249d6e4bae333a82af,FIG4-LYS2-lysine,systematic_positive_edge,positive auxotrophy edge,,FIG4,"Figure 4, visible LYS2 -> L-lysine edge",not_comparable,unknown,False,Systematic positive-prediction graph: benchmark conditions and exact run identity are not supplied.
Yeast9_curated,excel:24,YGL154C,YGL154C,lysine,r_1900,,r_1900,,,Other,Sinha AK and Bhattacharjee JK (1970) PMID:4998031,Dataset 2; all!A24:F24,correct,1.9189481935386814e-18,0.08920076881319457,0.0008590751899388004,d0bd57f6ec99b8fb1f0ffeb7006ba88a879a9185100236249d6e4bae333a82af,FIG4-LYS5-lysine,systematic_positive_edge,positive auxotrophy edge,,FIG4,"Figure 4, visible LYS5 -> L-lysine edge",not_comparable,unknown,False,Systematic positive-prediction graph: benchmark conditions and exact run identity are not supplied.
Yeast9_curated,excel:25,YJR104C,YJR104C,lysine,r_1900,,r_1900,,,Other,"Slekar KH, et al. (1996) PMID:8910528",Dataset 2; all!A25:F25,type_I,0.08583536820220775,0.08920076950164522,0.0008590751899388004,d0bd57f6ec99b8fb1f0ffeb7006ba88a879a9185100236249d6e4bae333a82af,,no_benchmark_prediction_found,,,ART;SUP;UPSTREAM,Article sections 2-4; Dataset 1/2 sheets; supplements S1/S2; publication-proximate upstream tree,not_reported,unknown,False,No benchmark-specific prediction found in the inspected package.
Yeast9_curated,excel:26,YKR069W,YKR069W,methionine,r_1902,,r_1902,,,Other,Masselot M and De Robichon-Szulmajster H (1975) PMID:1101032,Dataset 2; all!A26:F26,type_I,0.08583536820220818,0.08836902402561819,0.0008590751899388004,d0bd57f6ec99b8fb1f0ffeb7006ba88a879a9185100236249d6e4bae333a82af,,no_benchmark_prediction_found,,,ART;SUP;UPSTREAM,Article sections 2-4; Dataset 1/2 sheets; supplements S1/S2; publication-proximate upstream tree,not_reported,unknown,False,No benchmark-specific prediction found in the inspected package.
Yeast9_curated,excel:27,YFR030W,YFR030W,methionine,r_1902,,r_1902,,,Other,Masselot M and De Robichon-Szulmajster H (1975) PMID:1101032,Dataset 2; all!A27:F27,correct,1.3400288965121743e-16,0.08836905429598801,0.0008590751899388004,d0bd57f6ec99b8fb1f0ffeb7006ba88a879a9185100236249d6e4bae333a82af,,no_benchmark_prediction_found,,,ART;SUP;UPSTREAM,Article sections 2-4; Dataset 1/2 sheets; supplements S1/S2; publication-proximate upstream tree,not_reported,unknown,False,No benchmark-specific prediction found in the inspected package.
Yeast9_curated,excel:28,YGL125W,YGL125W,methionine,r_1902,,r_1902,,,Other,Masselot M and De Robichon-Szulmajster H (1975) PMID:1101032,Dataset 2; all!A28:F28,correct,1.9950404835474576e-34,0.08836902402561819,0.0008590751899388004,d0bd57f6ec99b8fb1f0ffeb7006ba88a879a9185100236249d6e4bae333a82af,TEXT-MET13,explicit_corrected_pair_text,correct,correct,ART,"Section 3.2, JATS paragraph p0175; MET13-methionine",comparable_qualitative,match,False,Published qualitative benchmark label; exact author run/version/numerical growth remain unavailable.
Yeast9_curated,excel:29,YKL001C,YKL001C,methionine,r_1902,,r_1902,,,Other,Masselot M and De Robichon-Szulmajster H (1975) PMID:1101032,Dataset 2; all!A29:F29,correct,0.0,0.08836902402561392,0.0008590751899388004,d0bd57f6ec99b8fb1f0ffeb7006ba88a879a9185100236249d6e4bae333a82af,,no_benchmark_prediction_found,,,ART;SUP;UPSTREAM,Article sections 2-4; Dataset 1/2 sheets; supplements S1/S2; publication-proximate upstream tree,not_reported,unknown,False,No benchmark-specific prediction found in the inspected package.
Yeast9_curated,excel:30,YPR167C,YPR167C,methionine,r_1902,,r_1902,,,S288C,"Villa-García MJ, et al. (2011) PMID:21136082",Dataset 2; all!A30:F30,correct,0.0,0.08836902402561556,0.0008590751899388004,d0bd57f6ec99b8fb1f0ffeb7006ba88a879a9185100236249d6e4bae333a82af,,no_benchmark_prediction_found,,,ART;SUP;UPSTREAM,Article sections 2-4; Dataset 1/2 sheets; supplements S1/S2; publication-proximate upstream tree,not_reported,unknown,False,No benchmark-specific prediction found in the inspected package.
Yeast9_curated,excel:31,YLR303W,YLR303W,methionine,r_1902,,r_1902,,,Other,Singh A and Sherman F (1974) PMID:4364332,Dataset 2; all!A31:F31,correct,-3.912402373252872e-16,0.08836902402561443,0.0008590751899388004,d0bd57f6ec99b8fb1f0ffeb7006ba88a879a9185100236249d6e4bae333a82af,,no_benchmark_prediction_found,,,ART;SUP;UPSTREAM,Article sections 2-4; Dataset 1/2 sheets; supplements S1/S2; publication-proximate upstream tree,not_reported,unknown,False,No benchmark-specific prediction found in the inspected package.
Yeast9_curated,excel:32,YNL277W,YNL277W,methionine,r_1902,,r_1902,,,Other,Singh A and Sherman F (1974) PMID:4364332,Dataset 2; all!A32:F32,correct,3.008381583846712e-18,0.08836905563948887,0.0008590751899388004,d0bd57f6ec99b8fb1f0ffeb7006ba88a879a9185100236249d6e4bae333a82af,FIG4-MET2-methionine,systematic_positive_edge,positive auxotrophy edge,,FIG4,"Figure 4, visible MET2 -> L-methionine edge",not_comparable,unknown,False,Systematic positive-prediction graph: benchmark conditions and exact run identity are not supplied.
Yeast9_curated,excel:33,YOL064C,YOL064C,methionine,r_1902,,r_1902,,,Other,Masselot M and De Robichon-Szulmajster H (1975) PMID:1101032,Dataset 2; all!A33:F33,type_I,0.08485633754002245,0.08810467035940076,0.0008590751899388004,d0bd57f6ec99b8fb1f0ffeb7006ba88a879a9185100236249d6e4bae333a82af,,no_benchmark_prediction_found,,,ART;SUP;UPSTREAM,Article sections 2-4; Dataset 1/2 sheets; supplements S1/S2; publication-proximate upstream tree,not_reported,unknown,False,No benchmark-specific prediction found in the inspected package.
Yeast9_curated,excel:34,YJR010W,YJR010W,methionine,r_1902,,r_1902,,,Other,Masselot M and De Robichon-Szulmajster H (1975) PMID:1101032,Dataset 2; all!A34:F34,correct,-4.0264689321460975e-18,0.08836902402561819,0.0008590751899388004,d0bd57f6ec99b8fb1f0ffeb7006ba88a879a9185100236249d6e4bae333a82af,,no_benchmark_prediction_found,,,ART;SUP;UPSTREAM,Article sections 2-4; Dataset 1/2 sheets; supplements S1/S2; publication-proximate upstream tree,not_reported,unknown,False,No benchmark-specific prediction found in the inspected package.
Yeast9_curated,excel:35,YJR137C,YJR137C,methionine,r_1902,,r_1902,,,Other,Masselot M and De Robichon-Szulmajster H (1975) PMID:1101032,Dataset 2; all!A35:F35,correct,1.3400288965121743e-16,0.08836905429598801,0.0008590751899388004,d0bd57f6ec99b8fb1f0ffeb7006ba88a879a9185100236249d6e4bae333a82af,,no_benchmark_prediction_found,,,ART;SUP;UPSTREAM,Article sections 2-4; Dataset 1/2 sheets; supplements S1/S2; publication-proximate upstream tree,not_reported,unknown,False,No benchmark-specific prediction found in the inspected package.
Yeast9_curated,excel:36,YER091C,YER091C,methionine,r_1902,,r_1902,,,Other,Masselot M and De Robichon-Szulmajster H (1975) PMID:1101032,Dataset 2; all!A36:F36,correct,0.0,0.08836902402561476,0.0008590751899388004,d0bd57f6ec99b8fb1f0ffeb7006ba88a879a9185100236249d6e4bae333a82af,,no_benchmark_prediction_found,,,ART;SUP;UPSTREAM,Article sections 2-4; Dataset 1/2 sheets; supplements S1/S2; publication-proximate upstream tree,not_reported,unknown,False,No benchmark-specific prediction found in the inspected package.
Yeast9_curated,excel:37,YOR241W,YOR241W,methionine,r_1902,,r_1902,,,Other,Masselot M and De Robichon-Szulmajster H (1975) PMID:1101032,Dataset 2; all!A37:F37,type_I,0.08583536820220818,0.08836902402561819,0.0008590751899388004,d0bd57f6ec99b8fb1f0ffeb7006ba88a879a9185100236249d6e4bae333a82af,,no_benchmark_prediction_found,,,ART;SUP;UPSTREAM,Article sections 2-4; Dataset 1/2 sheets; supplements S1/S2; publication-proximate upstream tree,not_reported,unknown,False,No benchmark-specific prediction found in the inspected package.
Yeast9_curated,excel:38,YBR213W,YBR213W,methionine,r_1902,,r_1902,,,Other,Masselot M and De Robichon-Szulmajster H (1975) PMID:1101032,Dataset 2; all!A38:F38,type_I,0.08583536820220806,0.08836902402561754,0.0008590751899388004,d0bd57f6ec99b8fb1f0ffeb7006ba88a879a9185100236249d6e4bae333a82af,,no_benchmark_prediction_found,,,ART;SUP;UPSTREAM,Article sections 2-4; Dataset 1/2 sheets; supplements S1/S2; publication-proximate upstream tree,not_reported,unknown,False,No benchmark-specific prediction found in the inspected package.
Yeast9_curated,excel:39,YJR104C,YJR104C,methionine,r_1902,,r_1902,,,Other,"Slekar KH, et al. (1996) PMID:8910528",Dataset 2; all!A39:F39,type_I,0.08583536820220775,0.08836905496773796,0.0008590751899388004,d0bd57f6ec99b8fb1f0ffeb7006ba88a879a9185100236249d6e4bae333a82af,,no_benchmark_prediction_found,,,ART;SUP;UPSTREAM,Article sections 2-4; Dataset 1/2 sheets; supplements S1/S2; publication-proximate upstream tree,not_reported,unknown,False,No benchmark-specific prediction found in the inspected package.
Yeast9_curated,excel:40,YNL241C,YNL241C,methionine,r_1902,,r_1902,,,Other,Masselot M and De Robichon-Szulmajster H (1975) PMID:1101032,Dataset 2; all!A40:F40,type_I,0.08578078603282577,0.08836902402561486,0.0008590751899388004,d0bd57f6ec99b8fb1f0ffeb7006ba88a879a9185100236249d6e4bae333a82af,,no_benchmark_prediction_found,,,ART;SUP;UPSTREAM,Article sections 2-4; Dataset 1/2 sheets; supplements S1/S2; publication-proximate upstream tree,not_reported,unknown,False,No benchmark-specific prediction found in the inspected package.
Yeast9_curated,excel:41,YER023W,YER023W,proline,r_1904,,r_1904,,,Other,Tomenchok DM and Brandriss MC (1987) PMID:2824433,Dataset 2; all!A41:F41,correct,-1.0506049740819318e-32,7.501318224602431,0.0008590751899388004,d0bd57f6ec99b8fb1f0ffeb7006ba88a879a9185100236249d6e4bae333a82af,FIG4-PRO3-proline,systematic_positive_edge,positive auxotrophy edge,,FIG4,"Figure 4, visible PRO3 -> L-proline edge",not_comparable,unknown,False,Systematic positive-prediction graph: benchmark conditions and exact run identity are not supplied.
Yeast9_curated,excel:42,YOR184W,YOR184W,serine,r_1906,,r_1906,,,Other,Ulane R and Ogur M (1972) PMID:4333378,Dataset 2; all!A42:F42,type_I,0.08563091460247095,8.475724229156688,0.0008590751899388004,d0bd57f6ec99b8fb1f0ffeb7006ba88a879a9185100236249d6e4bae333a82af,,no_benchmark_prediction_found,,,ART;SUP;UPSTREAM,Article sections 2-4; Dataset 1/2 sheets; supplements S1/S2; publication-proximate upstream tree,not_reported,unknown,False,No benchmark-specific prediction found in the inspected package.
Yeast9_curated,excel:43,YGR208W,YGR208W,serine,r_1906,,r_1906,,,Other,Ulane R and Ogur M (1972) PMID:4333378,Dataset 2; all!A43:F43,type_I,0.08563091460247117,8.475724229156604,0.0008590751899388004,d0bd57f6ec99b8fb1f0ffeb7006ba88a879a9185100236249d6e4bae333a82af,,no_benchmark_prediction_found,,,ART;SUP;UPSTREAM,Article sections 2-4; Dataset 1/2 sheets; supplements S1/S2; publication-proximate upstream tree,not_reported,unknown,False,No benchmark-specific prediction found in the inspected package.
Yeast9_curated,excel:44,YHR025W,YHR025W,threonine,r_1911,,r_1911,,,Other,Kingsbury JM and McCusker JH (2010) PMID:20305002,Dataset 2; all!A44:F44,correct,-4.007010623705923e-18,9.896856751164973,0.0008590751899388004,d0bd57f6ec99b8fb1f0ffeb7006ba88a879a9185100236249d6e4bae333a82af,FIG4-THR1-threonine,systematic_positive_edge,positive auxotrophy edge,,FIG4,"Figure 4, visible THR1 -> L-threonine edge",not_comparable,unknown,False,Systematic positive-prediction graph: benchmark conditions and exact run identity are not supplied.
Yeast9_curated,excel:45,YCR053W,YCR053W,threonine,r_1911,,r_1911,,,S288C,"Mortimer R, et al. (1957)",Dataset 2; all!A45:F45,correct,-5.949005004579122e-33,9.89685675116494,0.0008590751899388004,d0bd57f6ec99b8fb1f0ffeb7006ba88a879a9185100236249d6e4bae333a82af,FIG4-THR4-threonine,systematic_positive_edge,positive auxotrophy edge,,FIG4,"Figure 4, visible THR4 -> L-threonine edge",not_comparable,unknown,False,Systematic positive-prediction graph: benchmark conditions and exact run identity are not supplied.
Yeast9_curated,excel:46,YDR007W,YDR007W,tryptophan,r_1912,,r_1912,,,X2180-1A,"Miozzari G, et al. (1978) PMID:348687",Dataset 2; all!A46:F46,correct,0.0,0.15292054154511048,0.0008590751899388004,d0bd57f6ec99b8fb1f0ffeb7006ba88a879a9185100236249d6e4bae333a82af,FIG4-TRP1-tryptophan,systematic_positive_edge,positive auxotrophy edge,,FIG4,"Figure 4, visible TRP1 -> L-tryptophan edge",not_comparable,unknown,False,Systematic positive-prediction graph: benchmark conditions and exact run identity are not supplied.
Yeast9_curated,excel:47,YER090W,YER090W,tryptophan,r_1912,,r_1912,,,X2180-1A,"Miozzari G, et al. (1978) PMID:348687",Dataset 2; all!A47:F47,correct,1.7200991652983887e-18,0.15292054154511167,0.0008590751899388004,d0bd57f6ec99b8fb1f0ffeb7006ba88a879a9185100236249d6e4bae333a82af,FIG4-TRP2-tryptophan,systematic_positive_edge,positive auxotrophy edge,,FIG4,"Figure 4, visible TRP2 -> L-tryptophan edge",not_comparable,unknown,False,Systematic positive-prediction graph: benchmark conditions and exact run identity are not supplied.
Yeast9_curated,excel:48,YKL211C,YKL211C,tryptophan,r_1912,,r_1912,,,X2180-1A,"Miozzari G, et al. (1978) PMID:348687",Dataset 2; all!A48:F48,correct,9.810679616487394e-31,0.15292054154511228,0.0008590751899388004,d0bd57f6ec99b8fb1f0ffeb7006ba88a879a9185100236249d6e4bae333a82af,FIG4-TRP3-tryptophan,systematic_positive_edge,positive auxotrophy edge,,FIG4,"Figure 4, visible TRP3 -> L-tryptophan edge",not_comparable,unknown,False,Systematic positive-prediction graph: benchmark conditions and exact run identity are not supplied.
Yeast9_curated,excel:49,YDR354W,YDR354W,tryptophan,r_1912,,r_1912,,,S288C,"Villa-García MJ, et al. (2011) PMID:21136082",Dataset 2; all!A49:F49,correct,2.2022317501117513e-31,0.15292054154511328,0.0008590751899388004,d0bd57f6ec99b8fb1f0ffeb7006ba88a879a9185100236249d6e4bae333a82af,FIG4-TRP4-tryptophan,systematic_positive_edge,positive auxotrophy edge,,FIG4,"Figure 4, visible TRP4 -> L-tryptophan edge",not_comparable,unknown,False,Systematic positive-prediction graph: benchmark conditions and exact run identity are not supplied.
Yeast9_curated,excel:50,YGL026C,YGL026C,tryptophan,r_1912,,r_1912,,,X2180-1A,"Miozzari G, et al. (1978) PMID:348687",Dataset 2; all!A50:F50,correct,1.219677344275852e-18,0.15292054154511167,0.0008590751899388004,d0bd57f6ec99b8fb1f0ffeb7006ba88a879a9185100236249d6e4bae333a82af,FIG4-TRP5-tryptophan,systematic_positive_edge,positive auxotrophy edge,,FIG4,"Figure 4, visible TRP5 -> L-tryptophan edge",not_comparable,unknown,False,Systematic positive-prediction graph: benchmark conditions and exact run identity are not supplied.
Yeast9_curated,excel:51,YDR173C,YDR173C,ornithine,r_1987,,r_1987,,,Sigma1278b,"Bechet J, et al. (1970) PMID:5434281",Dataset 2; all!A51:F51,type_I,0.08583536820220761,6.644936755890847,0.0008590751899388004,d0bd57f6ec99b8fb1f0ffeb7006ba88a879a9185100236249d6e4bae333a82af,,no_benchmark_prediction_found,,,ART;SUP;UPSTREAM,Article sections 2-4; Dataset 1/2 sheets; supplements S1/S2; publication-proximate upstream tree,not_reported,unknown,False,No benchmark-specific prediction found in the inspected package.
Yeast9_curated,excel:52,YPL268W,YPL268W,ornithine,r_1987,,r_1987,,,Other,"Odom AR, et al. (2000) PMID:10720331",Dataset 2; all!A52:F52,type_I,0.08583536804283705,6.644936755890868,0.0008590751899388004,d0bd57f6ec99b8fb1f0ffeb7006ba88a879a9185100236249d6e4bae333a82af,,no_benchmark_prediction_found,,,ART;SUP;UPSTREAM,Article sections 2-4; Dataset 1/2 sheets; supplements S1/S2; publication-proximate upstream tree,not_reported,unknown,False,No benchmark-specific prediction found in the inspected package.
Yeast9_curated,excel:53,YOR184W,YOR184W,serine,r_1906,,r_1906,,,Other,Ulane R and Ogur M (1972) PMID:4333378,Dataset 2; all!A53:F53,type_I,0.08563091460247095,8.475724229156688,0.0008590751899388004,d0bd57f6ec99b8fb1f0ffeb7006ba88a879a9185100236249d6e4bae333a82af,,no_benchmark_prediction_found,,,ART;SUP;UPSTREAM,Article sections 2-4; Dataset 1/2 sheets; supplements S1/S2; publication-proximate upstream tree,not_reported,unknown,False,No benchmark-specific prediction found in the inspected package.
Yeast9_curated,excel:54,YGR208W,YGR208W,serine,r_1906,,r_1906,,,Other,Ulane R and Ogur M (1972) PMID:4333378,Dataset 2; all!A54:F54,type_I,0.08563091460247117,8.475724229156604,0.0008590751899388004,d0bd57f6ec99b8fb1f0ffeb7006ba88a879a9185100236249d6e4bae333a82af,,no_benchmark_prediction_found,,,ART;SUP;UPSTREAM,Article sections 2-4; Dataset 1/2 sheets; supplements S1/S2; publication-proximate upstream tree,not_reported,unknown,False,No benchmark-specific prediction found in the inspected package.
Yeast9_curated,excel:55,YDR158W,YDR158W,homoserine,r_1896,,r_1896,,,Other,"Robichon-Szulmajster H, et al. (1966) PMID:4380684",Dataset 2; all!A55:F55,correct,-7.413319077724233e-48,5.800948082700832,0.0008590751899388004,d0bd57f6ec99b8fb1f0ffeb7006ba88a879a9185100236249d6e4bae333a82af,,no_benchmark_prediction_found,,,ART;SUP;UPSTREAM,Article sections 2-4; Dataset 1/2 sheets; supplements S1/S2; publication-proximate upstream tree,not_reported,unknown,False,No benchmark-specific prediction found in the inspected package.
Yeast9_curated,excel:56,YER052C,YER052C,homoserine,r_1896,,r_1896,,,Other,"Delgado MA, et al. (1982) PMID:6821505",Dataset 2; all!A56:F56,correct,-1.043170925268507e-18,5.800948082700855,0.0008590751899388004,d0bd57f6ec99b8fb1f0ffeb7006ba88a879a9185100236249d6e4bae333a82af,,no_benchmark_prediction_found,,,ART;SUP;UPSTREAM,Article sections 2-4; Dataset 1/2 sheets; supplements S1/S2; publication-proximate upstream tree,not_reported,unknown,False,No benchmark-specific prediction found in the inspected package.
Yeast9_curated,excel:57,YJR139C,YJR139C,homoserine,r_1896,,r_1896,,,Other,"Robichon-Szulmajster H, et al. (1966) PMID:4380684",Dataset 2; all!A57:F57,correct,2.122211942123414e-18,5.800948082700811,0.0008590751899388004,d0bd57f6ec99b8fb1f0ffeb7006ba88a879a9185100236249d6e4bae333a82af,,no_benchmark_prediction_found,,,ART;SUP;UPSTREAM,Article sections 2-4; Dataset 1/2 sheets; supplements S1/S2; publication-proximate upstream tree,not_reported,unknown,False,No benchmark-specific prediction found in the inspected package.
Yeast9_curated,excel:58,YOR303W,YOR303W,arginine add uracil,r_1879,r_2090,r_1879,r_2090,,Other,"Lacroute F, et al. (1965) PMID:5856369",Dataset 2; all!A58:F58,type_I,0.08638001520880895,7.7285732730931915,0.0008590751899388004,d0bd57f6ec99b8fb1f0ffeb7006ba88a879a9185100236249d6e4bae333a82af,,no_benchmark_prediction_found,,,ART;SUP;UPSTREAM,Article sections 2-4; Dataset 1/2 sheets; supplements S1/S2; publication-proximate upstream tree,not_reported,unknown,False,No benchmark-specific prediction found in the inspected package.
Yeast9_curated,excel:59,YJR109C,YJR109C,arginine add uracil,r_1879,r_2090,r_1879,r_2090,,Other,Lim AL and Powers-Lee SG (1996) PMID:8626695,Dataset 2; all!A59:F59,type_I,0.08638001520880895,7.7285732730931915,0.0008590751899388004,d0bd57f6ec99b8fb1f0ffeb7006ba88a879a9185100236249d6e4bae333a82af,,no_benchmark_prediction_found,,,ART;SUP;UPSTREAM,Article sections 2-4; Dataset 1/2 sheets; supplements S1/S2; publication-proximate upstream tree,not_reported,unknown,False,No benchmark-specific prediction found in the inspected package.
Yeast9_curated,excel:60,YDR127W,YDR127W,aromatic amino acid add folinic acid,r_1913+r_1903+r_1912,r_1625,r_1913+r_1903+r_1912,r_1625,,Other,"Lucchini G, et al. (1978) PMID:361708",Dataset 2; all!A60:F60,correct,1.8587660555311416e-33,7.8415534918200915,0.0008590751899388004,d0bd57f6ec99b8fb1f0ffeb7006ba88a879a9185100236249d6e4bae333a82af,,no_benchmark_prediction_found,,,ART;SUP;UPSTREAM,Article sections 2-4; Dataset 1/2 sheets; supplements S1/S2; publication-proximate upstream tree,not_reported,unknown,False,No benchmark-specific prediction found in the inspected package.
Yeast9_curated,excel:61,YGL148W,YGL148W,aromatic amino acid add folinic acid,r_1913+r_1903+r_1912,r_1625,r_1913+r_1903+r_1912,r_1625,,Other,"Lucchini G, et al. (1978) PMID:361708",Dataset 2; all!A61:F61,correct,-1.0738204765304957e-31,7.841553491820058,0.0008590751899388004,d0bd57f6ec99b8fb1f0ffeb7006ba88a879a9185100236249d6e4bae333a82af,,no_benchmark_prediction_found,,,ART;SUP;UPSTREAM,Article sections 2-4; Dataset 1/2 sheets; supplements S1/S2; publication-proximate upstream tree,not_reported,unknown,False,No benchmark-specific prediction found in the inspected package.
Yeast9_curated,excel:62,YPR060C,YPR060C,"tyrosine, phenylalanine",r_1913+r_1903,,r_1913+r_1903,,,Other,"Tang Y, et al. (1991) PMID:1924339",Dataset 2; all!A62:F62,correct,9.528439431023823e-33,7.794301414502887,0.0008590751899388004,d0bd57f6ec99b8fb1f0ffeb7006ba88a879a9185100236249d6e4bae333a82af,,no_benchmark_prediction_found,,,ART;SUP;UPSTREAM,Article sections 2-4; Dataset 1/2 sheets; supplements S1/S2; publication-proximate upstream tree,not_reported,unknown,False,No benchmark-specific prediction found in the inspected package.
Yeast9_curated,excel:63,YHR208W,YHR208W,"valine,leucine",r_1914+r_1899,,r_1914+r_1899,,,S288C,"Kispal G, et al. (1996) PMID:8798704",Dataset 2; all!A63:F63,correct,-1.0813980984031574e-30,0.1698598753964916,0.0008590751899388004,d0bd57f6ec99b8fb1f0ffeb7006ba88a879a9185100236249d6e4bae333a82af,,no_benchmark_prediction_found,,,ART;SUP;UPSTREAM,Article sections 2-4; Dataset 1/2 sheets; supplements S1/S2; publication-proximate upstream tree,not_reported,unknown,False,No benchmark-specific prediction found in the inspected package.
Yeast9_curated,excel:64,YMR108W,YMR108W,"valine,isoleucine",r_1914+r_1897,,r_1914+r_1897,,,Other,KAKAR SN and WAGNER RP (1964) PMID:14124940,Dataset 2; all!A64:F64,correct,-5.241338250378157e-31,0.17388937611755165,0.0008590751899388004,d0bd57f6ec99b8fb1f0ffeb7006ba88a879a9185100236249d6e4bae333a82af,,no_benchmark_prediction_found,,,ART;SUP;UPSTREAM,Article sections 2-4; Dataset 1/2 sheets; supplements S1/S2; publication-proximate upstream tree,not_reported,unknown,False,No benchmark-specific prediction found in the inspected package.
Yeast9_curated,excel:65,YJR016C,YJR016C,"valine,isoleucine",r_1914+r_1897,,r_1914+r_1897,,,Other,KAKAR SN and WAGNER RP (1964) PMID:14124940,Dataset 2; all!A65:F65,correct,0.0,0.17388937611755004,0.0008590751899388004,d0bd57f6ec99b8fb1f0ffeb7006ba88a879a9185100236249d6e4bae333a82af,,no_benchmark_prediction_found,,,ART;SUP;UPSTREAM,Article sections 2-4; Dataset 1/2 sheets; supplements S1/S2; publication-proximate upstream tree,not_reported,unknown,False,No benchmark-specific prediction found in the inspected package.
Yeast9_curated,excel:66,YLR355C,YLR355C,"valine,isoleucine",r_1914+r_1897,,r_1914+r_1897,,,Other,KAKAR SN and WAGNER RP (1964) PMID:14124940,Dataset 2; all!A66:F66,correct,3.2470465223776845e-18,0.17388937611754945,0.0008590751899388004,d0bd57f6ec99b8fb1f0ffeb7006ba88a879a9185100236249d6e4bae333a82af,,no_benchmark_prediction_found,,,ART;SUP;UPSTREAM,Article sections 2-4; Dataset 1/2 sheets; supplements S1/S2; publication-proximate upstream tree,not_reported,unknown,False,No benchmark-specific prediction found in the inspected package.
Yeast9_curated,excel:67,YGR204W,YGR204W,"histidine, adenine",r_1893+r_1639,,r_1893+r_1639,,,Other,McKenzie KQ and Jones EW (1977) PMID:328341,Dataset 2; all!A67:F67,correct,-9.292617719182643e-19,0.0873171840167191,0.0008590751899388004,d0bd57f6ec99b8fb1f0ffeb7006ba88a879a9185100236249d6e4bae333a82af,,no_benchmark_prediction_found,,,ART;SUP;UPSTREAM,Article sections 2-4; Dataset 1/2 sheets; supplements S1/S2; publication-proximate upstream tree,not_reported,unknown,False,No benchmark-specific prediction found in the inspected package.
Yeast9_curated,excel:68,YDR158W,YDR158W,"methionine, threonine",r_1902+r_1911,,r_1902+r_1911,,,Other,"Robichon-Szulmajster H, et al. (1966) PMID:4380684",Dataset 2; all!A68:F68,correct,-7.413319077724233e-48,9.952693935376791,0.0008590751899388004,d0bd57f6ec99b8fb1f0ffeb7006ba88a879a9185100236249d6e4bae333a82af,,no_benchmark_prediction_found,,,ART;SUP;UPSTREAM,Article sections 2-4; Dataset 1/2 sheets; supplements S1/S2; publication-proximate upstream tree,not_reported,unknown,False,No benchmark-specific prediction found in the inspected package.
Yeast9_curated,excel:69,YER052C,YER052C,"methionine, threonine",r_1902+r_1911,,r_1902+r_1911,,,Other,"Delgado MA, et al. (1982) PMID:6821505",Dataset 2; all!A69:F69,correct,-1.043170925268507e-18,9.952693935376875,0.0008590751899388004,d0bd57f6ec99b8fb1f0ffeb7006ba88a879a9185100236249d6e4bae333a82af,,no_benchmark_prediction_found,,,ART;SUP;UPSTREAM,Article sections 2-4; Dataset 1/2 sheets; supplements S1/S2; publication-proximate upstream tree,not_reported,unknown,False,No benchmark-specific prediction found in the inspected package.
Yeast9_curated,excel:70,YJR139C,YJR139C,"methionine, threonine",r_1902+r_1911,,r_1902+r_1911,,,Other,"Robichon-Szulmajster H, et al. (1966) PMID:4380684",Dataset 2; all!A70:F70,correct,2.122211942123414e-18,9.952693935376864,0.0008590751899388004,d0bd57f6ec99b8fb1f0ffeb7006ba88a879a9185100236249d6e4bae333a82af,,no_benchmark_prediction_found,,,ART;SUP;UPSTREAM,Article sections 2-4; Dataset 1/2 sheets; supplements S1/S2; publication-proximate upstream tree,not_reported,unknown,False,No benchmark-specific prediction found in the inspected package.
Yeast9_curated,excel:71,YOR236W,YOR236W,"adenine, histidine, methionine add folinic acid",r_1639+r_1893+r_1902,r_1625,r_1639+r_1893+r_1902,r_1625,,Other,"Huang T, et al. (1992) PMID:1427091",Dataset 2; all!A71:F71,type_II,2.205214413484869e-31,0.0,0.0008590751899388004,d0bd57f6ec99b8fb1f0ffeb7006ba88a879a9185100236249d6e4bae333a82af,,no_benchmark_prediction_found,,,ART;SUP;UPSTREAM,Article sections 2-4; Dataset 1/2 sheets; supplements S1/S2; publication-proximate upstream tree,not_reported,unknown,False,No benchmark-specific prediction found in the inspected package.
Yeast9_curated,excel:72,YPR074C and YBR117C,YBR117C+YPR074C,aromatic amino acid add folinic acid,r_1913+r_1903+r_1912,r_1625,r_1913+r_1903+r_1912,r_1625,,W303,"Sundström M, et al. (1993) PMID:8226984",Dataset 2; all!A72:F72,correct,-2.810445953745321e-18,7.827482956126618,0.0008590751899388004,d0bd57f6ec99b8fb1f0ffeb7006ba88a879a9185100236249d6e4bae333a82af,,no_benchmark_prediction_found,,,ART;SUP;UPSTREAM,Article sections 2-4; Dataset 1/2 sheets; supplements S1/S2; publication-proximate upstream tree,not_reported,unknown,False,No benchmark-specific prediction found in the inspected package.
Yeast9_curated,excel:73,YDL131W and YDL182W,YDL131W+YDL182W,lysine,r_1900,,r_1900,,,Other,"Quezada H, et al. (2008) PMID:18524920",Dataset 2; all!A73:F73,correct,2.9131671336515795e-32,0.08920076881319369,0.0008590751899388004,d0bd57f6ec99b8fb1f0ffeb7006ba88a879a9185100236249d6e4bae333a82af,,no_benchmark_prediction_found,,,ART;SUP;UPSTREAM,Article sections 2-4; Dataset 1/2 sheets; supplements S1/S2; publication-proximate upstream tree,not_reported,unknown,False,No benchmark-specific prediction found in the inspected package.
Yeast9_curated,excel:74,YNL104C and YOR108W,YNL104C+YOR108W,leucine,r_1899,,r_1899,,,S288C,"Casalone E, et al. (2000) PMID:10790691",Dataset 2; all!A74:F74,correct,-9.070969445090556e-32,0.16152100724634666,0.0008590751899388004,d0bd57f6ec99b8fb1f0ffeb7006ba88a879a9185100236249d6e4bae333a82af,,no_benchmark_prediction_found,,,ART;SUP;UPSTREAM,Article sections 2-4; Dataset 1/2 sheets; supplements S1/S2; publication-proximate upstream tree,not_reported,unknown,False,No benchmark-specific prediction found in the inspected package.
Yeast9_curated,excel:75,YDR196C,YDR196C,pantothenate,r_1548,,r_1548,,,W303,"Dusi S, et al. (2014) PMID:24360804",Dataset 2; all!A75:F75,type_II,-6.462004831353938e-29,-6.462004831353938e-29,0.0008590751899388004,d0bd57f6ec99b8fb1f0ffeb7006ba88a879a9185100236249d6e4bae333a82af,,no_benchmark_prediction_found,,,ART;SUP;UPSTREAM,Article sections 2-4; Dataset 1/2 sheets; supplements S1/S2; publication-proximate upstream tree,not_reported,unknown,False,No benchmark-specific prediction found in the inspected package.
Yeast9_curated,excel:76,YBR176W,YBR176W,pantothenate,r_1548,,r_1548,,,S288C,"White WH, et al. (2001) PMID:11154694",Dataset 2; all!A76:F76,correct,0.0,0.08583865700513413,0.0008590751899388004,d0bd57f6ec99b8fb1f0ffeb7006ba88a879a9185100236249d6e4bae333a82af,,no_benchmark_prediction_found,,,ART;SUP;UPSTREAM,Article sections 2-4; Dataset 1/2 sheets; supplements S1/S2; publication-proximate upstream tree,not_reported,unknown,False,No benchmark-specific prediction found in the inspected package.
Yeast9_curated,excel:77,YIL145C,YIL145C,pantothenate,r_1548,,r_1548,,,Other,"Olzhausen J, et al. (2009) PMID:19266201",Dataset 2; all!A77:F77,correct,0.0,0.08583865764266568,0.0008590751899388004,d0bd57f6ec99b8fb1f0ffeb7006ba88a879a9185100236249d6e4bae333a82af,,no_benchmark_prediction_found,,,ART;SUP;UPSTREAM,Article sections 2-4; Dataset 1/2 sheets; supplements S1/S2; publication-proximate upstream tree,not_reported,unknown,False,No benchmark-specific prediction found in the inspected package.
Yeast9_curated,excel:78,YMR170C,YMR170C,pantothenic acid,r_1548,,r_1548,,,S288C,"White WH, et al. (2003) PMID:12586697",Dataset 2; all!A78:F78,correct,1.600349330305179e-14,0.08583865764266599,0.0008590751899388004,d0bd57f6ec99b8fb1f0ffeb7006ba88a879a9185100236249d6e4bae333a82af,,no_benchmark_prediction_found,,,ART;SUP;UPSTREAM,Article sections 2-4; Dataset 1/2 sheets; supplements S1/S2; publication-proximate upstream tree,not_reported,unknown,False,No benchmark-specific prediction found in the inspected package.
Yeast9_curated,excel:79,YBR176W,YBR176W,pantothenic acid,r_1548,,r_1548,,,S288C,"White WH, et al. (2001) PMID:11154694",Dataset 2; all!A79:F79,correct,0.0,0.08583865700513413,0.0008590751899388004,d0bd57f6ec99b8fb1f0ffeb7006ba88a879a9185100236249d6e4bae333a82af,,no_benchmark_prediction_found,,,ART;SUP;UPSTREAM,Article sections 2-4; Dataset 1/2 sheets; supplements S1/S2; publication-proximate upstream tree,not_reported,unknown,False,No benchmark-specific prediction found in the inspected package.
Yeast9_curated,excel:80,YMR020W,YMR020W,pantothenic acid,r_1548,,r_1548,,,S288C,"White WH, et al. (2001) PMID:11154694",Dataset 2; all!A80:F80,correct,-1.0962596583871396e-13,0.08583865700513398,0.0008590751899388004,d0bd57f6ec99b8fb1f0ffeb7006ba88a879a9185100236249d6e4bae333a82af,,no_benchmark_prediction_found,,,ART;SUP;UPSTREAM,Article sections 2-4; Dataset 1/2 sheets; supplements S1/S2; publication-proximate upstream tree,not_reported,unknown,False,No benchmark-specific prediction found in the inspected package.
Yeast9_curated,excel:81,YLR146C,YLR146C,pantothenic acid,r_1548,,r_1548,,,S288C,"White WH, et al. (2001) PMID:11154694",Dataset 2; all!A81:F81,correct,-2.9807222572469114e-28,0.08583865764266532,0.0008590751899388004,d0bd57f6ec99b8fb1f0ffeb7006ba88a879a9185100236249d6e4bae333a82af,,no_benchmark_prediction_found,,,ART;SUP;UPSTREAM,Article sections 2-4; Dataset 1/2 sheets; supplements S1/S2; publication-proximate upstream tree,not_reported,unknown,False,No benchmark-specific prediction found in the inspected package.
Yeast9_curated,excel:82,YNL256W,YNL256W,5-formyltetrahydrofolic acid,r_1625,,r_1625,,,Other,"Iliades P, et al. (2004) PMID:15215118",Dataset 2; all!A82:F82,correct,-1.555257389278862e-18,0.08583746742445764,0.0008590751899388004,d0bd57f6ec99b8fb1f0ffeb7006ba88a879a9185100236249d6e4bae333a82af,,no_benchmark_prediction_found,,,ART;SUP;UPSTREAM,Article sections 2-4; Dataset 1/2 sheets; supplements S1/S2; publication-proximate upstream tree,not_reported,unknown,False,No benchmark-specific prediction found in the inspected package.
Yeast9_curated,excel:83,YJL153C,YJL153C,myo-inositol,r_1947,,r_1947,,,Other,Culbertson MR and Henry SA (1975) PMID:1093935,Dataset 2; all!A83:F83,correct,0.0,0.08590252608083736,0.0008590751899388004,d0bd57f6ec99b8fb1f0ffeb7006ba88a879a9185100236249d6e4bae333a82af,,no_benchmark_prediction_found,,,ART;SUP;UPSTREAM,Article sections 2-4; Dataset 1/2 sheets; supplements S1/S2; publication-proximate upstream tree,not_reported,unknown,False,No benchmark-specific prediction found in the inspected package.
Yeast9_curated,excel:84,YKL212W,YKL212W,myo-inositol,r_1947,,r_1947,,,Other,"Rivas MP, et al. (1999) PMID:10397762",Dataset 2; all!A84:F84,type_I,0.08583536820220786,0.08590252671931826,0.0008590751899388004,d0bd57f6ec99b8fb1f0ffeb7006ba88a879a9185100236249d6e4bae333a82af,,no_benchmark_prediction_found,,,ART;SUP;UPSTREAM,Article sections 2-4; Dataset 1/2 sheets; supplements S1/S2; publication-proximate upstream tree,not_reported,unknown,False,No benchmark-specific prediction found in the inspected package.
Yeast9_curated,excel:85,YJR025C,YJR025C,nicotinicacid,r_1967,,r_1967,,,W303,"Panozzo C, et al. (2002) PMID:12062417",Dataset 2; all!A85:F85,correct,0.0,0.08591813155326677,0.0008590751899388004,d0bd57f6ec99b8fb1f0ffeb7006ba88a879a9185100236249d6e4bae333a82af,,no_benchmark_prediction_found,,,ART;SUP;UPSTREAM,Article sections 2-4; Dataset 1/2 sheets; supplements S1/S2; publication-proximate upstream tree,not_reported,unknown,False,No benchmark-specific prediction found in the inspected package.
Yeast9_curated,excel:86,YJR078W,YJR078W,nicotinicacid,r_1967,,r_1967,,,W303,"Panozzo C, et al. (2002) PMID:12062417",Dataset 2; all!A86:F86,correct,5.313566365002148e-15,0.08591818406615176,0.0008590751899388004,d0bd57f6ec99b8fb1f0ffeb7006ba88a879a9185100236249d6e4bae333a82af,,no_benchmark_prediction_found,,,ART;SUP;UPSTREAM,Article sections 2-4; Dataset 1/2 sheets; supplements S1/S2; publication-proximate upstream tree,not_reported,unknown,False,No benchmark-specific prediction found in the inspected package.
Yeast9_curated,excel:87,YBL098W,YBL098W,nicotinicacid,r_1967,,r_1967,,,W303,"Panozzo C, et al. (2002) PMID:12062417",Dataset 2; all!A87:F87,correct,-1.5670942403084713e-14,0.08591818422582996,0.0008590751899388004,d0bd57f6ec99b8fb1f0ffeb7006ba88a879a9185100236249d6e4bae333a82af,,no_benchmark_prediction_found,,,ART;SUP;UPSTREAM,Article sections 2-4; Dataset 1/2 sheets; supplements S1/S2; publication-proximate upstream tree,not_reported,unknown,False,No benchmark-specific prediction found in the inspected package.
Yeast9_curated,excel:88,YLR231C,YLR231C,nicotinicacid,r_1967,,r_1967,,,W303,"Panozzo C, et al. (2002) PMID:12062417",Dataset 2; all!A88:F88,correct,-5.091016807109705e-15,0.08591813219197592,0.0008590751899388004,d0bd57f6ec99b8fb1f0ffeb7006ba88a879a9185100236249d6e4bae333a82af,,no_benchmark_prediction_found,,,ART;SUP;UPSTREAM,Article sections 2-4; Dataset 1/2 sheets; supplements S1/S2; publication-proximate upstream tree,not_reported,unknown,False,No benchmark-specific prediction found in the inspected package.
Yeast9_curated,excel:89,YFR047C,YFR047C,nicotinicacid,r_1967,,r_1967,,,W303,"Panozzo C, et al. (2002) PMID:12062417",Dataset 2; all!A89:F89,correct,8.017874436968312e-16,0.08591813139358827,0.0008590751899388004,d0bd57f6ec99b8fb1f0ffeb7006ba88a879a9185100236249d6e4bae333a82af,,no_benchmark_prediction_found,,,ART;SUP;UPSTREAM,Article sections 2-4; Dataset 1/2 sheets; supplements S1/S2; publication-proximate upstream tree,not_reported,unknown,False,No benchmark-specific prediction found in the inspected package.
Yeast9_curated,excel:90,YBL033C,YBL033C,riboflavin,r_2038,,r_2038,,,S288C,"Oltmanns O, et al. (1969) PMID:5366000",Dataset 2; all!A90:F90,correct,0.0,0.08586347063995323,0.0008590751899388004,d0bd57f6ec99b8fb1f0ffeb7006ba88a879a9185100236249d6e4bae333a82af,,no_benchmark_prediction_found,,,ART;SUP;UPSTREAM,Article sections 2-4; Dataset 1/2 sheets; supplements S1/S2; publication-proximate upstream tree,not_reported,unknown,False,No benchmark-specific prediction found in the inspected package.
Yeast9_curated,excel:91,YOL066C,YOL066C,riboflavin,r_2038,,r_2038,,,S288C,"Oltmanns O, et al. (1969) PMID:5366000",Dataset 2; all!A91:F91,correct,-1.3512707090025681e-31,0.08586347063995305,0.0008590751899388004,d0bd57f6ec99b8fb1f0ffeb7006ba88a879a9185100236249d6e4bae333a82af,,no_benchmark_prediction_found,,,ART;SUP;UPSTREAM,Article sections 2-4; Dataset 1/2 sheets; supplements S1/S2; publication-proximate upstream tree,not_reported,unknown,False,No benchmark-specific prediction found in the inspected package.
Yeast9_curated,excel:92,YDR487C,YDR487C,riboflavin,r_2038,,r_2038,,,S288C,"Oltmanns O, et al. (1969) PMID:5366000",Dataset 2; all!A92:F92,correct,-6.089287752814712e-31,0.08586347127785385,0.0008590751899388004,d0bd57f6ec99b8fb1f0ffeb7006ba88a879a9185100236249d6e4bae333a82af,,no_benchmark_prediction_found,,,ART;SUP;UPSTREAM,Article sections 2-4; Dataset 1/2 sheets; supplements S1/S2; publication-proximate upstream tree,not_reported,unknown,False,No benchmark-specific prediction found in the inspected package.
Yeast9_curated,excel:93,YOL143C,YOL143C,riboflavin,r_2038,,r_2038,,,S288C,"Oltmanns O, et al. (1969) PMID:5366000",Dataset 2; all!A93:F93,correct,-2.3194406018052338e-32,0.08586347127785375,0.0008590751899388004,d0bd57f6ec99b8fb1f0ffeb7006ba88a879a9185100236249d6e4bae333a82af,,no_benchmark_prediction_found,,,ART;SUP;UPSTREAM,Article sections 2-4; Dataset 1/2 sheets; supplements S1/S2; publication-proximate upstream tree,not_reported,unknown,False,No benchmark-specific prediction found in the inspected package.
Yeast9_curated,excel:94,YBR256C,YBR256C,riboflavin,r_2038,,r_2038,,,S288C,"Oltmanns O, et al. (1969) PMID:5366000",Dataset 2; all!A94:F94,correct,-1.7467028499529568e-18,0.08586347127785392,0.0008590751899388004,d0bd57f6ec99b8fb1f0ffeb7006ba88a879a9185100236249d6e4bae333a82af,,no_benchmark_prediction_found,,,ART;SUP;UPSTREAM,Article sections 2-4; Dataset 1/2 sheets; supplements S1/S2; publication-proximate upstream tree,not_reported,unknown,False,No benchmark-specific prediction found in the inspected package.
Yeast9_curated,excel:95,YGR144W,YGR144W,thiamine(1+),r_2067,,r_2067,,,S288C,"Ruiz-Roldán C, et al. (2008) PMID:17964830",Dataset 2; all!A95:F95,type_I,0.08583536883969187,0.08583536804283677,0.0008590751899388004,d0bd57f6ec99b8fb1f0ffeb7006ba88a879a9185100236249d6e4bae333a82af,,no_benchmark_prediction_found,,,ART;SUP;UPSTREAM,Article sections 2-4; Dataset 1/2 sheets; supplements S1/S2; publication-proximate upstream tree,not_reported,unknown,False,No benchmark-specific prediction found in the inspected package.
Yeast9_curated,excel:96,YPL214C,YPL214C,thiamine(1+),r_2067,,r_2067,,,Other,"Nosaka K, et al. (1994) PMID:7982968",Dataset 2; all!A96:F96,correct,0.0,0.08583536804283752,0.0008590751899388004,d0bd57f6ec99b8fb1f0ffeb7006ba88a879a9185100236249d6e4bae333a82af,,no_benchmark_prediction_found,,,ART;SUP;UPSTREAM,Article sections 2-4; Dataset 1/2 sheets; supplements S1/S2; publication-proximate upstream tree,not_reported,unknown,False,No benchmark-specific prediction found in the inspected package.
Yeast9_curated,excel:97,YGR096W,YGR096W,thiamine(1+),r_2067,,r_2067,,,S288C,"Marobbio CM, et al. (2002) PMID:12411483",Dataset 2; all!A97:F97,type_I,0.08583536820220818,0.08583536804283735,0.0008590751899388004,d0bd57f6ec99b8fb1f0ffeb7006ba88a879a9185100236249d6e4bae333a82af,,no_benchmark_prediction_found,,,ART;SUP;UPSTREAM,Article sections 2-4; Dataset 1/2 sheets; supplements S1/S2; publication-proximate upstream tree,not_reported,unknown,False,No benchmark-specific prediction found in the inspected package.
Yeast9_curated,excel:98,YKL184W,YKL184W,pantothenic acid,r_1548,,r_1548,,,S288C,"White WH, et al. (2001) PMID:11154694",Dataset 2; all!A98:F98,type_I,0.08583536820220818,0.08583865764266559,0.0008590751899388004,d0bd57f6ec99b8fb1f0ffeb7006ba88a879a9185100236249d6e4bae333a82af,,no_benchmark_prediction_found,,,ART;SUP;UPSTREAM,Article sections 2-4; Dataset 1/2 sheets; supplements S1/S2; publication-proximate upstream tree,not_reported,unknown,False,No benchmark-specific prediction found in the inspected package.
Yeast9_curated,excel:99,YOL052C,YOL052C,pantothenic acid,r_1548,,r_1548,,,S288C,"White WH, et al. (2001) PMID:11154694",Dataset 2; all!A99:F99,correct,-5.694147786020052e-29,0.08583865748328245,0.0008590751899388004,d0bd57f6ec99b8fb1f0ffeb7006ba88a879a9185100236249d6e4bae333a82af,,no_benchmark_prediction_found,,,ART;SUP;UPSTREAM,Article sections 2-4; Dataset 1/2 sheets; supplements S1/S2; publication-proximate upstream tree,not_reported,unknown,False,No benchmark-specific prediction found in the inspected package.
Yeast9_curated,excel:100,YPR069C,YPR069C,pantothenic acid,r_1548,,r_1548,,,S288C,"White WH, et al. (2001) PMID:11154694",Dataset 2; all!A100:F100,type_I,0.08583536820220818,0.08583865764266559,0.0008590751899388004,d0bd57f6ec99b8fb1f0ffeb7006ba88a879a9185100236249d6e4bae333a82af,,no_benchmark_prediction_found,,,ART;SUP;UPSTREAM,Article sections 2-4; Dataset 1/2 sheets; supplements S1/S2; publication-proximate upstream tree,not_reported,unknown,False,No benchmark-specific prediction found in the inspected package.
Yeast9_curated,excel:101,YGR267C,YGR267C,5-formyltetrahydrofolic acid,r_1625,,r_1625,,,W303,"Nardese V, et al. (1996) PMID:8573145",Dataset 2; all!A101:F101,correct,1.0372904624072837e-18,0.08583746758383712,0.0008590751899388004,d0bd57f6ec99b8fb1f0ffeb7006ba88a879a9185100236249d6e4bae333a82af,,no_benchmark_prediction_found,,,ART;SUP;UPSTREAM,Article sections 2-4; Dataset 1/2 sheets; supplements S1/S2; publication-proximate upstream tree,not_reported,unknown,False,No benchmark-specific prediction found in the inspected package.
Yeast9_curated,excel:102,YMR113W,YMR113W,5-formyltetrahydrofolic acid,r_1625,,r_1625,,,W303,"Cherest H, et al. (2000) PMID:10799479",Dataset 2; all!A102:F102,correct,0.0,0.08583746742445827,0.0008590751899388004,d0bd57f6ec99b8fb1f0ffeb7006ba88a879a9185100236249d6e4bae333a82af,,no_benchmark_prediction_found,,,ART;SUP;UPSTREAM,Article sections 2-4; Dataset 1/2 sheets; supplements S1/S2; publication-proximate upstream tree,not_reported,unknown,False,No benchmark-specific prediction found in the inspected package.
Yeast9_curated,excel:103,YAR015W,YAR015W,adenine,r_1639,,r_1639,,,W303,"Roberts RL, et al. (2003) PMID:12740435",Dataset 2; all!A103:F103,correct,-6.460954769332626e-31,0.08659999466329747,0.0008590751899388004,d0bd57f6ec99b8fb1f0ffeb7006ba88a879a9185100236249d6e4bae333a82af,,no_benchmark_prediction_found,,,ART;SUP;UPSTREAM,Article sections 2-4; Dataset 1/2 sheets; supplements S1/S2; publication-proximate upstream tree,not_reported,unknown,False,No benchmark-specific prediction found in the inspected package.
Yeast9_curated,excel:104,YNL220W,YNL220W,adenine,r_1639,,r_1639,,,Other,Dorfman BZ (1969) PMID:5807803,Dataset 2; all!A104:F104,correct,0.0,0.08659999466329756,0.0008590751899388004,d0bd57f6ec99b8fb1f0ffeb7006ba88a879a9185100236249d6e4bae333a82af,,no_benchmark_prediction_found,,,ART;SUP;UPSTREAM,Article sections 2-4; Dataset 1/2 sheets; supplements S1/S2; publication-proximate upstream tree,not_reported,unknown,False,No benchmark-specific prediction found in the inspected package.
Yeast9_curated,excel:105,YLR359W,YLR359W,adenine,r_1639,,r_1639,,,Other,Dorfman BZ (1969) PMID:5807803,Dataset 2; all!A105:F105,correct,1.5520316745375504e-16,0.08660004974337329,0.0008590751899388004,d0bd57f6ec99b8fb1f0ffeb7006ba88a879a9185100236249d6e4bae333a82af,,no_benchmark_prediction_found,,,ART;SUP;UPSTREAM,Article sections 2-4; Dataset 1/2 sheets; supplements S1/S2; publication-proximate upstream tree,not_reported,unknown,False,No benchmark-specific prediction found in the inspected package.
Yeast9_curated,excel:106,YOR128C,YOR128C,adenine,r_1639,,r_1639,,,W303,"Roberts RL, et al. (2003) PMID:12740435",Dataset 2; all!A106:F106,correct,-2.6209772431569556e-30,0.08659999466329733,0.0008590751899388004,d0bd57f6ec99b8fb1f0ffeb7006ba88a879a9185100236249d6e4bae333a82af,,no_benchmark_prediction_found,,,ART;SUP;UPSTREAM,Article sections 2-4; Dataset 1/2 sheets; supplements S1/S2; publication-proximate upstream tree,not_reported,unknown,False,No benchmark-specific prediction found in the inspected package.
Yeast9_curated,excel:107,YKR080W,YKR080W,adenine,r_1639,,r_1639,,,Other,"West MG, et al. (1993) PMID:8416923",Dataset 2; all!A107:F107,type_I,0.08583536820220818,0.08659999466329756,0.0008590751899388004,d0bd57f6ec99b8fb1f0ffeb7006ba88a879a9185100236249d6e4bae333a82af,,no_benchmark_prediction_found,,,ART;SUP;UPSTREAM,Article sections 2-4; Dataset 1/2 sheets; supplements S1/S2; publication-proximate upstream tree,not_reported,unknown,False,No benchmark-specific prediction found in the inspected package.
Yeast9_curated,excel:108,YMR217W,YMR217W,guanine,r_1818,,r_1818,,,Other,"Dujardin G, et al. (1994) PMID:8112582",Dataset 2; all!A108:F108,correct,-7.900331007855742e-33,0.08619496537292484,0.0008590751899388004,d0bd57f6ec99b8fb1f0ffeb7006ba88a879a9185100236249d6e4bae333a82af,,no_benchmark_prediction_found,,,ART;SUP;UPSTREAM,Article sections 2-4; Dataset 1/2 sheets; supplements S1/S2; publication-proximate upstream tree,not_reported,unknown,False,No benchmark-specific prediction found in the inspected package.
Yeast9_curated,excel:109,YKL216W,YKL216W,uracil,r_2090,,r_2090,,,FL100,Lacroute F (1968) PMID:5651325,Dataset 2; all!A109:F109,correct,6.063451203303694e-31,0.08638001537020866,0.0008590751899388004,d0bd57f6ec99b8fb1f0ffeb7006ba88a879a9185100236249d6e4bae333a82af,,no_benchmark_prediction_found,,,ART;SUP;UPSTREAM,Article sections 2-4; Dataset 1/2 sheets; supplements S1/S2; publication-proximate upstream tree,not_reported,unknown,False,No benchmark-specific prediction found in the inspected package.
Yeast9_curated,excel:110,YJL130C,YJL130C,uracil,r_2090,,r_2090,,,FL100,Lacroute F (1968) PMID:5651325,Dataset 2; all!A110:F110,correct,0.0,0.08638001520880895,0.0008590751899388004,d0bd57f6ec99b8fb1f0ffeb7006ba88a879a9185100236249d6e4bae333a82af,,no_benchmark_prediction_found,,,ART;SUP;UPSTREAM,Article sections 2-4; Dataset 1/2 sheets; supplements S1/S2; publication-proximate upstream tree,not_reported,unknown,False,No benchmark-specific prediction found in the inspected package.
Yeast9_curated,excel:111,YEL021W,YEL021W,uracil,r_2090,,r_2090,,,FL100,Lacroute F (1968) PMID:5651325,Dataset 2; all!A111:F111,correct,2.1248010774855426e-32,0.08638001537020912,0.0008590751899388004,d0bd57f6ec99b8fb1f0ffeb7006ba88a879a9185100236249d6e4bae333a82af,,no_benchmark_prediction_found,,,ART;SUP;UPSTREAM,Article sections 2-4; Dataset 1/2 sheets; supplements S1/S2; publication-proximate upstream tree,not_reported,unknown,False,No benchmark-specific prediction found in the inspected package.
Yeast9_curated,excel:112,YLR420W,YLR420W,uracil,r_2090,,r_2090,,,FL100,Lacroute F (1968) PMID:5651325,Dataset 2; all!A112:F112,correct,2.483257811146489e-18,0.08638001520880907,0.0008590751899388004,d0bd57f6ec99b8fb1f0ffeb7006ba88a879a9185100236249d6e4bae333a82af,,no_benchmark_prediction_found,,,ART;SUP;UPSTREAM,Article sections 2-4; Dataset 1/2 sheets; supplements S1/S2; publication-proximate upstream tree,not_reported,unknown,False,No benchmark-specific prediction found in the inspected package.
Yeast9_curated,excel:113,YMR300C,YMR300C,adenine add  thiamine,r_1639,r_2067,r_1639,r_2067,,S288C,"Roberts RL, et al. (2003) PMID:12740435",Dataset 2; all!A113:F113,correct,6.180973983050933e-16,0.08659999514996596,0.0008590751899388004,d0bd57f6ec99b8fb1f0ffeb7006ba88a879a9185100236249d6e4bae333a82af,,no_benchmark_prediction_found,,,ART;SUP;UPSTREAM,Article sections 2-4; Dataset 1/2 sheets; supplements S1/S2; publication-proximate upstream tree,not_reported,unknown,False,No benchmark-specific prediction found in the inspected package.
Yeast9_curated,excel:114,YGL234W,YGL234W,adenine add  thiamine,r_1639,r_2067,r_1639,r_2067,,W303,"Roberts RL, et al. (2003) PMID:12740435",Dataset 2; all!A114:F114,correct,6.180973983050933e-16,0.08659999514996602,0.0008590751899388004,d0bd57f6ec99b8fb1f0ffeb7006ba88a879a9185100236249d6e4bae333a82af,,no_benchmark_prediction_found,,,ART;SUP;UPSTREAM,Article sections 2-4; Dataset 1/2 sheets; supplements S1/S2; publication-proximate upstream tree,not_reported,unknown,False,No benchmark-specific prediction found in the inspected package.
Yeast9_curated,excel:115,YGR061C,YGR061C,adenine add  thiamine,r_1639,r_2067,r_1639,r_2067,,W303,"Roberts RL, et al. (2003) PMID:12740435",Dataset 2; all!A115:F115,correct,6.180973983050933e-16,0.08659999514996583,0.0008590751899388004,d0bd57f6ec99b8fb1f0ffeb7006ba88a879a9185100236249d6e4bae333a82af,,no_benchmark_prediction_found,,,ART;SUP;UPSTREAM,Article sections 2-4; Dataset 1/2 sheets; supplements S1/S2; publication-proximate upstream tree,not_reported,unknown,False,No benchmark-specific prediction found in the inspected package.
Yeast9_curated,excel:116,YDR408C,YDR408C,adenine add  thiamine,r_1639,r_2067,r_1639,r_2067,,S288C,"Roberts RL, et al. (2003) PMID:12740435",Dataset 2; all!A116:F116,correct,6.180973983050933e-16,0.0865999951499657,0.0008590751899388004,d0bd57f6ec99b8fb1f0ffeb7006ba88a879a9185100236249d6e4bae333a82af,,no_benchmark_prediction_found,,,ART;SUP;UPSTREAM,Article sections 2-4; Dataset 1/2 sheets; supplements S1/S2; publication-proximate upstream tree,not_reported,unknown,False,No benchmark-specific prediction found in the inspected package.
Yeast9_curated,excel:117,YNR033W,YNR033W,4-aminobenzoic acid,r_1604,,r_1604,,,Other,"Edman JC, et al. (1993) PMID:8346682",Dataset 2; all!A117:F117,correct,1.0372904624072837e-18,0.08583604326289601,0.0008590751899388004,d0bd57f6ec99b8fb1f0ffeb7006ba88a879a9185100236249d6e4bae333a82af,,no_benchmark_prediction_found,,,ART;SUP;UPSTREAM,Article sections 2-4; Dataset 1/2 sheets; supplements S1/S2; publication-proximate upstream tree,not_reported,unknown,False,No benchmark-specific prediction found in the inspected package.
Yeast9_curated,excel:118,YER026C,YER026C,choline,r_1683,,r_1683,,,Other,"Atkinson KD, et al. (1980) PMID:6988386",Dataset 2; all!A118:F118,type_II,-8.432737788692586e-21,0.0,0.0008590751899388004,d0bd57f6ec99b8fb1f0ffeb7006ba88a879a9185100236249d6e4bae333a82af,,no_benchmark_prediction_found,,,ART;SUP;UPSTREAM,Article sections 2-4; Dataset 1/2 sheets; supplements S1/S2; publication-proximate upstream tree,not_reported,unknown,False,No benchmark-specific prediction found in the inspected package.
Yeast9_curated,excel:119,YGR157W,YGR157W,choline,r_1683,,r_1683,,,X2180-1A,"Han GS, et al. (2008) PMID:18458075",Dataset 2; all!A119:F119,correct,0.0,0.0862601970629274,0.0008590751899388004,d0bd57f6ec99b8fb1f0ffeb7006ba88a879a9185100236249d6e4bae333a82af,,no_benchmark_prediction_found,,,ART;SUP;UPSTREAM,Article sections 2-4; Dataset 1/2 sheets; supplements S1/S2; publication-proximate upstream tree,not_reported,unknown,False,No benchmark-specific prediction found in the inspected package.
Yeast9_curated,excel:120,YKL104C,YKL104C,D-glucosamine,r_4506,,r_4506,,,X2180-1A,Whelan WL and Ballou CE (1975) PMID:1104590,Dataset 2; all!A120:F120,correct,0.0,20.545319750566218,0.0008590751899388004,d0bd57f6ec99b8fb1f0ffeb7006ba88a879a9185100236249d6e4bae333a82af,,no_benchmark_prediction_found,,,ART;SUP;UPSTREAM,Article sections 2-4; Dataset 1/2 sheets; supplements S1/S2; publication-proximate upstream tree,not_reported,unknown,False,No benchmark-specific prediction found in the inspected package.
Yeast9_curated,excel:121,YER003C,YER003C,D-mannose,r_1715,,r_1715,,,SEY6210,"Smith DJ, et al. (1992) PMID:1377774",Dataset 2; all!A121:F121,correct,-1.258358063951541e-18,0.09153173208080097,0.0008590751899388004,d0bd57f6ec99b8fb1f0ffeb7006ba88a879a9185100236249d6e4bae333a82af,,no_benchmark_prediction_found,,,ART;SUP;UPSTREAM,Article sections 2-4; Dataset 1/2 sheets; supplements S1/S2; publication-proximate upstream tree,not_reported,unknown,False,No benchmark-specific prediction found in the inspected package.
Yeast9_curated,excel:122,YGR175C,YGR175C,ergosterol,r_1757,,r_1757,,,FL100,Karst F and Lacroute F (1977) PMID:200835,Dataset 2; all!A122:F122,correct,0.0,0.08846133188612901,0.0008590751899388004,d0bd57f6ec99b8fb1f0ffeb7006ba88a879a9185100236249d6e4bae333a82af,,no_benchmark_prediction_found,,,ART;SUP;UPSTREAM,Article sections 2-4; Dataset 1/2 sheets; supplements S1/S2; publication-proximate upstream tree,not_reported,unknown,False,No benchmark-specific prediction found in the inspected package.
Yeast9_curated,excel:123,YPL028W,YPL028W,ergosterol,r_1757,,r_1757,,,FL100,Karst F and Lacroute F (1977) PMID:200835,Dataset 2; all!A123:F123,correct,0.0,0.08846133216824782,0.0008590751899388004,d0bd57f6ec99b8fb1f0ffeb7006ba88a879a9185100236249d6e4bae333a82af,,no_benchmark_prediction_found,,,ART;SUP;UPSTREAM,Article sections 2-4; Dataset 1/2 sheets; supplements S1/S2; publication-proximate upstream tree,not_reported,unknown,False,No benchmark-specific prediction found in the inspected package.
Yeast9_curated,excel:124,YHR007C,YHR007C,ergosterol,r_1757,,r_1757,,,Other,"Kalb VF, et al. (1987) PMID:3322742",Dataset 2; all!A124:F124,correct,-1.1026849322725901e-31,0.08846133256321397,0.0008590751899388004,d0bd57f6ec99b8fb1f0ffeb7006ba88a879a9185100236249d6e4bae333a82af,,no_benchmark_prediction_found,,,ART;SUP;UPSTREAM,Article sections 2-4; Dataset 1/2 sheets; supplements S1/S2; publication-proximate upstream tree,not_reported,unknown,False,No benchmark-specific prediction found in the inspected package.
Yeast9_curated,excel:125,YGR060W,YGR060W,ergosterol,r_1757,,r_1757,,,Other,"Bard M, et al. (1996) PMID:8552601",Dataset 2; all!A125:F125,correct,-6.789375517865432e-20,0.0884613325632136,0.0008590751899388004,d0bd57f6ec99b8fb1f0ffeb7006ba88a879a9185100236249d6e4bae333a82af,,no_benchmark_prediction_found,,,ART;SUP;UPSTREAM,Article sections 2-4; Dataset 1/2 sheets; supplements S1/S2; publication-proximate upstream tree,not_reported,unknown,False,No benchmark-specific prediction found in the inspected package.
Yeast9_curated,excel:126,YLR100W,YLR100W,ergosterol,r_1757,,r_1757,,,Other,"Gachotte D, et al. (1999) PMID:10535978",Dataset 2; all!A126:F126,correct,-1.1026849322725901e-31,0.08846133256321369,0.0008590751899388004,d0bd57f6ec99b8fb1f0ffeb7006ba88a879a9185100236249d6e4bae333a82af,,no_benchmark_prediction_found,,,ART;SUP;UPSTREAM,Article sections 2-4; Dataset 1/2 sheets; supplements S1/S2; publication-proximate upstream tree,not_reported,unknown,False,No benchmark-specific prediction found in the inspected package.
Yeast9_curated,excel:127,YHR072W,YHR072W,ergosterol,r_1757,,r_1757,,,FL100,Karst F and Lacroute F (1977) PMID:200835,Dataset 2; all!A127:F127,correct,-1.1026849322725901e-31,0.08846133256321367,0.0008590751899388004,d0bd57f6ec99b8fb1f0ffeb7006ba88a879a9185100236249d6e4bae333a82af,,no_benchmark_prediction_found,,,ART;SUP;UPSTREAM,Article sections 2-4; Dataset 1/2 sheets; supplements S1/S2; publication-proximate upstream tree,not_reported,unknown,False,No benchmark-specific prediction found in the inspected package.
Yeast9_curated,excel:128,YMR220W,YMR220W,ergosterol,r_1757,,r_1757,,,FL100,Karst F and Lacroute F (1977) PMID:200835,Dataset 2; all!A128:F128,correct,-3.4003005915105904e-32,0.08846133239394231,0.0008590751899388004,d0bd57f6ec99b8fb1f0ffeb7006ba88a879a9185100236249d6e4bae333a82af,,no_benchmark_prediction_found,,,ART;SUP;UPSTREAM,Article sections 2-4; Dataset 1/2 sheets; supplements S1/S2; publication-proximate upstream tree,not_reported,unknown,False,No benchmark-specific prediction found in the inspected package.
Yeast9_curated,excel:129,YHR190W,YHR190W,ergosterol,r_1757,,r_1757,,,FL100,Karst F and Lacroute F (1977) PMID:200835,Dataset 2; all!A129:F129,correct,1.0549930670376139e-31,0.08846129722989537,0.0008590751899388004,d0bd57f6ec99b8fb1f0ffeb7006ba88a879a9185100236249d6e4bae333a82af,,no_benchmark_prediction_found,,,ART;SUP;UPSTREAM,Article sections 2-4; Dataset 1/2 sheets; supplements S1/S2; publication-proximate upstream tree,not_reported,unknown,False,No benchmark-specific prediction found in the inspected package.
Yeast9_curated,excel:130,YJL101C,YJL101C,glutathione,r_1807,,r_1807,,,Other,"Grant CM, et al. (1996) PMID:8662189",Dataset 2; all!A130:F130,correct,0.0,11.345742419320786,0.0008590751899388004,d0bd57f6ec99b8fb1f0ffeb7006ba88a879a9185100236249d6e4bae333a82af,,no_benchmark_prediction_found,,,ART;SUP;UPSTREAM,Article sections 2-4; Dataset 1/2 sheets; supplements S1/S2; publication-proximate upstream tree,not_reported,unknown,False,No benchmark-specific prediction found in the inspected package.
Yeast9_curated,excel:131,YKL182W,YKL182W,fatty acid,r_1993,,r_1993,,,Other,"Schüller HJ, et al. (1992) PMID:1735446",Dataset 2; all!A131:F131,correct,3.95508121908298e-17,9.265425080077893,0.0008590751899388004,d0bd57f6ec99b8fb1f0ffeb7006ba88a879a9185100236249d6e4bae333a82af,,no_benchmark_prediction_found,,,ART;SUP;UPSTREAM,Article sections 2-4; Dataset 1/2 sheets; supplements S1/S2; publication-proximate upstream tree,not_reported,unknown,False,No benchmark-specific prediction found in the inspected package.
Yeast9_curated,excel:132,YPL231W,YPL231W,fatty acid,r_1993,,r_1993,,,Other,"Schüller HJ, et al. (1992) PMID:1735446",Dataset 2; all!A132:F132,correct,3.95508121908298e-17,9.265425080077893,0.0008590751899388004,d0bd57f6ec99b8fb1f0ffeb7006ba88a879a9185100236249d6e4bae333a82af,,no_benchmark_prediction_found,,,ART;SUP;UPSTREAM,Article sections 2-4; Dataset 1/2 sheets; supplements S1/S2; publication-proximate upstream tree,not_reported,unknown,False,No benchmark-specific prediction found in the inspected package.
Yeast9_curated,excel:133,YKL184W,YKL184W,putrescine,r_1548,,r_1548,,,S288C,"White WH, et al. (2001) PMID:11154694",Dataset 2; all!A133:F133,type_I,0.08583536820220818,0.08583865764266559,0.0008590751899388004,d0bd57f6ec99b8fb1f0ffeb7006ba88a879a9185100236249d6e4bae333a82af,,no_benchmark_prediction_found,,,ART;SUP;UPSTREAM,Article sections 2-4; Dataset 1/2 sheets; supplements S1/S2; publication-proximate upstream tree,not_reported,unknown,False,No benchmark-specific prediction found in the inspected package.
Yeast9_curated,excel:134,YOL052C,YOL052C,spermine,r_2052,,r_2052,,,S288C,"White WH, et al. (2001) PMID:11154694",Dataset 2; all!A134:F134,correct,-5.694147786020052e-29,7.005769762351685,0.0008590751899388004,d0bd57f6ec99b8fb1f0ffeb7006ba88a879a9185100236249d6e4bae333a82af,,no_benchmark_prediction_found,,,ART;SUP;UPSTREAM,Article sections 2-4; Dataset 1/2 sheets; supplements S1/S2; publication-proximate upstream tree,not_reported,unknown,False,No benchmark-specific prediction found in the inspected package.
Yeast9_curated,excel:135,YLR146C,YLR146C,spermine,r_2052,,r_2052,,,S288C,"White WH, et al. (2001) PMID:11154694",Dataset 2; all!A135:F135,correct,-2.9807222572469114e-28,7.00576976235167,0.0008590751899388004,d0bd57f6ec99b8fb1f0ffeb7006ba88a879a9185100236249d6e4bae333a82af,,no_benchmark_prediction_found,,,ART;SUP;UPSTREAM,Article sections 2-4; Dataset 1/2 sheets; supplements S1/S2; publication-proximate upstream tree,not_reported,unknown,False,No benchmark-specific prediction found in the inspected package.
Yeast9_curated,excel:136,YDR232W,YDR232W,heme,a_0001,,r_temp1,,,Other,"Maclean KN, et al. (2000) PMID:11051561",Dataset 2; all!A136:F136,correct,0.0,0.08583545043149167,0.0008590751899388004,d0bd57f6ec99b8fb1f0ffeb7006ba88a879a9185100236249d6e4bae333a82af,,no_benchmark_prediction_found,,,ART;SUP;UPSTREAM,Article sections 2-4; Dataset 1/2 sheets; supplements S1/S2; publication-proximate upstream tree,not_reported,unknown,False,No benchmark-specific prediction found in the inspected package.
Yeast9_curated,excel:137,YDR047W,YDR047W,heme,a_0001,,r_temp1,,,Other,"Núñez L, et al. (2004) PMID:15257413",Dataset 2; all!A137:F137,correct,0.0,0.08583545027212044,0.0008590751899388004,d0bd57f6ec99b8fb1f0ffeb7006ba88a879a9185100236249d6e4bae333a82af,,no_benchmark_prediction_found,,,ART;SUP;UPSTREAM,Article sections 2-4; Dataset 1/2 sheets; supplements S1/S2; publication-proximate upstream tree,not_reported,unknown,False,No benchmark-specific prediction found in the inspected package.
Yeast9_curated,excel:138,YGL040C,YGL040C,heme,a_0001,,r_temp1,,,W303,"Maclean KN, et al. (2000) PMID:11051561",Dataset 2; all!A138:F138,correct,0.0,0.08583545027212051,0.0008590751899388004,d0bd57f6ec99b8fb1f0ffeb7006ba88a879a9185100236249d6e4bae333a82af,,no_benchmark_prediction_found,,,ART;SUP;UPSTREAM,Article sections 2-4; Dataset 1/2 sheets; supplements S1/S2; publication-proximate upstream tree,not_reported,unknown,False,No benchmark-specific prediction found in the inspected package.
Yeast9_curated,excel:139,YDL205C,YDL205C,heme,a_0001,,r_temp1,,,Other,"Keng T, et al. (1992) PMID:1508149",Dataset 2; all!A139:F139,correct,2.705906647620948e-18,0.08583541716470486,0.0008590751899388004,d0bd57f6ec99b8fb1f0ffeb7006ba88a879a9185100236249d6e4bae333a82af,,no_benchmark_prediction_found,,,ART;SUP;UPSTREAM,Article sections 2-4; Dataset 1/2 sheets; supplements S1/S2; publication-proximate upstream tree,not_reported,unknown,False,No benchmark-specific prediction found in the inspected package.
Yeast9_curated,excel:140,YOR278W,YOR278W,heme,a_0001,,r_temp1,,,Other,"Tan FC, et al. (2008) PMID:18042043",Dataset 2; all!A140:F140,correct,-2.3766089062866525e-29,0.08583541716470566,0.0008590751899388004,d0bd57f6ec99b8fb1f0ffeb7006ba88a879a9185100236249d6e4bae333a82af,,no_benchmark_prediction_found,,,ART;SUP;UPSTREAM,Article sections 2-4; Dataset 1/2 sheets; supplements S1/S2; publication-proximate upstream tree,not_reported,unknown,False,No benchmark-specific prediction found in the inspected package.
Yeast9_curated,excel:141,YKL184W,YKL184W,spermidine,r_2051,,r_2051,,,S288C,"White WH, et al. (2001) PMID:11154694",Dataset 2; all!A141:F141,type_I,0.08583536820220818,0.08583536820220818,0.0008590751899388004,d0bd57f6ec99b8fb1f0ffeb7006ba88a879a9185100236249d6e4bae333a82af,,no_benchmark_prediction_found,,,ART;SUP;UPSTREAM,Article sections 2-4; Dataset 1/2 sheets; supplements S1/S2; publication-proximate upstream tree,not_reported,unknown,False,No benchmark-specific prediction found in the inspected package.
Yeast9_curated,excel:142,YPR069C,YPR069C,spermidine,r_2051,,r_2051,,,S288C,"White WH, et al. (2001) PMID:11154694",Dataset 2; all!A142:F142,type_I,0.08583536820220818,0.08583536820220818,0.0008590751899388004,d0bd57f6ec99b8fb1f0ffeb7006ba88a879a9185100236249d6e4bae333a82af,,no_benchmark_prediction_found,,,ART;SUP;UPSTREAM,Article sections 2-4; Dataset 1/2 sheets; supplements S1/S2; publication-proximate upstream tree,not_reported,unknown,False,No benchmark-specific prediction found in the inspected package.
Yeast9_curated,excel:143,YKL184W,YKL184W,spermine,r_2052,,r_2052,,,S288C,"White WH, et al. (2001) PMID:11154694",Dataset 2; all!A143:F143,type_I,0.08583536820220818,7.00576976235167,0.0008590751899388004,d0bd57f6ec99b8fb1f0ffeb7006ba88a879a9185100236249d6e4bae333a82af,,no_benchmark_prediction_found,,,ART;SUP;UPSTREAM,Article sections 2-4; Dataset 1/2 sheets; supplements S1/S2; publication-proximate upstream tree,not_reported,unknown,False,No benchmark-specific prediction found in the inspected package.
Yeast9_curated,excel:144,YPR069C,YPR069C,spermine,r_2052,,r_2052,,,S288C,"White WH, et al. (2001) PMID:11154694",Dataset 2; all!A144:F144,type_I,0.08583536820220818,7.005769762351589,0.0008590751899388004,d0bd57f6ec99b8fb1f0ffeb7006ba88a879a9185100236249d6e4bae333a82af,,no_benchmark_prediction_found,,,ART;SUP;UPSTREAM,Article sections 2-4; Dataset 1/2 sheets; supplements S1/S2; publication-proximate upstream tree,not_reported,unknown,False,No benchmark-specific prediction found in the inspected package.
Yeast9_curated,excel:145,YMR208W,YMR208W,ergosterol add heme,r_1757,a_0001,r_1757,r_temp1,,FL100,Karst F and Lacroute F (1977) PMID:200835,Dataset 2; all!A145:F145,correct,-1.1026849322725901e-31,0.08846138893591726,0.0008590751899388004,d0bd57f6ec99b8fb1f0ffeb7006ba88a879a9185100236249d6e4bae333a82af,,no_benchmark_prediction_found,,,ART;SUP;UPSTREAM,Article sections 2-4; Dataset 1/2 sheets; supplements S1/S2; publication-proximate upstream tree,not_reported,unknown,False,No benchmark-specific prediction found in the inspected package.
Yeast9_curated,excel:146,YML126C,YML126C,ergosterol add heme,r_1757,a_0001,r_1757,r_temp1,,FL100,"Servouse M, et al. (1984) PMID:6148937",Dataset 2; all!A146:F146,correct,0.0,0.08846138825883221,0.0008590751899388004,d0bd57f6ec99b8fb1f0ffeb7006ba88a879a9185100236249d6e4bae333a82af,,no_benchmark_prediction_found,,,ART;SUP;UPSTREAM,Article sections 2-4; Dataset 1/2 sheets; supplements S1/S2; publication-proximate upstream tree,not_reported,unknown,False,No benchmark-specific prediction found in the inspected package.
Yeast9_curated,excel:147,YJL167W,YJL167W,ergosterol add heme,r_1757,a_0001,r_1757,r_temp1,,Other,"Chambon C, et al. (1990) PMID:2245473",Dataset 2; all!A147:F147,correct,0.0,0.08846135360255473,0.0008590751899388004,d0bd57f6ec99b8fb1f0ffeb7006ba88a879a9185100236249d6e4bae333a82af,,no_benchmark_prediction_found,,,ART;SUP;UPSTREAM,Article sections 2-4; Dataset 1/2 sheets; supplements S1/S2; publication-proximate upstream tree,not_reported,unknown,False,No benchmark-specific prediction found in the inspected package.
Yeast9_curated,excel:148,YGL055W,YGL055W,oleicacid add tween40,r_2189,r_1994,r_2189,r_1994,,S288C,Henry SA (1973) PMID:4127627,Dataset 2; all!A148:F148,correct,0.0,7.689526898284347,0.0008590751899388004,d0bd57f6ec99b8fb1f0ffeb7006ba88a879a9185100236249d6e4bae333a82af,,no_benchmark_prediction_found,,,ART;SUP;UPSTREAM,Article sections 2-4; Dataset 1/2 sheets; supplements S1/S2; publication-proximate upstream tree,not_reported,unknown,False,No benchmark-specific prediction found in the inspected package.
